MO;MO;Site_Name;LAC;BCCH ;TCH_Available_For_Voice;FPDCH;Net_TRXs_Available;LAT;LONG
C00591;591;5 FEVRIER-1;200;64;61;2;8;-4,25644060;15,29575060
C00592;592;5 FEVRIER-2;200;72;45;2;6;-4,25644060;15,29575060
C00593;593;5 FEVRIER-3;200;70;61;2;8;-4,25644060;15,29575060
45051;45051;ABALA;117;65;8;1;1;-1,32611100;15,55166100
45052;45052;ABALA;117;69;32;1;4;-1,32611100;15,55166100
C00421;421;ABATTOIR-1;300;75;58;2;8;-4,28431220;15,23358250
C00422;422;ABATTOIR-2;300;70;60;2;8;-4,28431220;15,23358250
C00423;423;ABATTOIR-3;300;68;57;2;8;-4,28431220;15,23358250
C00441;441;ABILA STREET-1;100;77;58;2;8;-4,22205020;15,28216550
C00442;442;ABILA STREET-2;100;66;61;2;8;-4,22205020;15,28216550
C00443;443;ABILA STREET-3;100;64;58;2;8;-4,22205020;15,28216550
C00221;221;AEROPORT-1;200;63;59;4;8;-4,26282740;15,25472550
C00222;222;AEROPORT-2;200;70;60;3;8;-4,26282740;15,25472550
C00223;223;AEROPORT-3;200;66;60;2;8;-4,26282740;15,25472550
10251;10251;AEROPORTFERME1;901;73;32;2;4;-4,82002778;11,88027778
10252;10252;AEROPORTFERME2;901;71;24;1;3;-4,82002778;11,88027778
10253;10253;AEROPORTFERME3;901;68;24;2;3;-4,82002778;11,88027778
10254;10254;AEROPORTFERME4;901;605;32;2;4;-4,82002778;11,88027778
10255;10255;AEROPORTFERME5;901;602;24;2;3;-4,82002778;11,88027778
10256;10256;AEROPORTFERME6;901;595;32;2;4;-4,82002778;11,88027778
C00771;771;AGOSTINO NETO-1;100;64;44;2;6;-4,21717550;15,29214570
C00772;772;AGOSTINO NETO-2;100;68;60;2;8;-4,21717550;15,29214570
C00773;773;AGOSTINO NETO-3;100;66;59;2;8;-4,21717550;15,29214570
45141;45141;AKANA LAGUE;214;66;16;1;2;-2,45083300;14,52852800
45142;45142;AKANA LAGUE;214;62;16;1;2;-2,45083300;14,52852800
45143;45143;AKANA LAGUE;214;74;16;1;2;-2,45083300;14,52852800
45311;45311;ALION;214;67;16;1;2;-2,44800000;15,02188900
45312;45312;ALION;214;72;16;1;2;-2,44800000;15,02188900
45313;45313;ALION;214;77;16;1;2;-2,44800000;15,02188900
45221;45221;ALLEMBE;214;62;16;1;2;-1,17722200;15,37250000
45222;45222;ALLEMBE;214;67;16;1;2;-1,17722200;15,37250000
45223;45223;ALLEMBE;214;77;16;1;2;-1,17722200;15,37250000
10501;10501;ANDREJACQUES1;601;78;32;1;4;-4,74372222;11,89636111
10502;10502;ANDREJACQUES2;601;80;24;1;3;-4,74372222;11,89636111
10503;10503;ANDREJACQUES3;601;77;24;1;3;-4,74372222;11,89636111
10504;10504;ANDREJACQUES4;601;592;32;1;4;-4,74372222;11,89636111
10505;10505;ANDREJACQUES5;601;608;32;1;4;-4,74372222;11,89636111
10506;10506;ANDREJACQUES6;601;600;32;1;4;-4,74372222;11,89636111
C00791;791;ANGOLA LIBRE-1;250;63;60;2;8;-4,28988740;15,24004080
C00792;792;ANGOLA LIBRE-2;250;73;55;2;8;-4,28988740;15,24004080
C00793;793;ANGOLA LIBRE-3;250;71;60;2;8;-4,28988740;15,24004080
50181;50181;ASSOKO;118;72;8;1;1;-0,42755600;15,64736100
50182;50182;ASSOKO;118;69;8;1;1;-0,42755600;15,64736100
50183;50183;ASSOKO;118;65;8;1;1;-0,42755600;15,64736100
45242;45242;ATIKI;117;72;16;2;2;-1,15181000;15,81610000
45241;45241;ATIKI ;117;64;8;2;1;-1,15181000;15,81610000
45243;45243;ATIKI ;117;62;16;2;2;-1,15181000;15,81610000
30231;30231;AUBEVILLE;107;63;16;2;2;-4,26561100;13,54261100
30232;30232;AUBEVILLE;107;67;16;2;2;-4,26561100;13,54261100
30233;30233;AUBEVILLE;107;69;16;2;2;-4,26561100;13,54261100
10391;10391;AZUR1;401;66;16;1;2;-4,81080556;11,84797222
10392;10392;AZUR2;401;80;16;1;2;-4,81080556;11,84797222
10393;10393;AZUR3;401;68;16;1;2;-4,81080556;11,84797222
10394;10394;AZUR4;401;606;16;1;2;-4,81080556;11,84797222
10395;10395;AZUR5;401;600;16;1;2;-4,81080556;11,84797222
10396;10396;AZUR6;401;596;16;1;2;-4,81080556;11,84797222
10231;10231;BAKADILA1;601;62;32;1;4;-4,79069444;11,87136111
10232;10232;BAKADILA2;601;74;24;1;3;-4,79069444;11,87136111
10233;10233;BAKADILA3;601;64;32;1;4;-4,79069444;11,87136111
10234;10234;BAKADILA4;601;608;40;1;5;-4,79069444;11,87136111
10235;10235;BAKADILA5;601;606;32;1;4;-4,79069444;11,87136111
10236;10236;BAKADILA6;601;592;24;1;3;-4,79069444;11,87136111
40051;40051;BAMBAMA;108;62;8;1;1;-2,53450000;13,54312300
40052;40052;BAMBAMA;108;66;8;1;1;-2,53450000;13,54312300
40053;40053;BAMBAMA;108;64;8;1;1;-2,53450000;13,54312300
25141;25141;BANDA;612;64;8;1;1;-3,43193600;12,00841700
25142;25142;BANDA;612;72;16;1;2;-3,43193600;12,00841700
25143;25143;BANDA;612;67;16;1;2;-3,43193600;12,00841700
C00811;811;BARRAGE-1;300;65;61;2;8;-4,28750900;15,21728990
C00812;812;BARRAGE-2;300;73;61;2;8;-4,28750900;15,21728990
C00813;813;BARRAGE-3;300;67;29;2;4;-4,28750900;15,21728990
10291;10297;BASEINDUSTRIELA;601;75;32;1;4;-4,78486100;11,85356400
10292;10298;BASEINDUSTRIELB;601;67;24;1;3;-4,78486100;11,85356400
10293;10299;BASEINDUSTRIELC;601;64;16;1;2;-4,78486100;11,85356400
C00211;211;BEACH-1;200;74;60;2;8;-4,26992080;15,29455850
C00212;212;BEACH-2;200;76;60;2;8;-4,26992080;15,29455850
C00213;213;BEACH-3;200;68;61;2;8;-4,26992080;15,29455850
60021;60021;BETOU;306;67;24;1;3;3,06055000;18,51805000
60022;60022;BETOU;306;70;32;1;4;3,06055000;18,51805000
60023;60023;BETOU;306;73;16;1;2;3,06055000;18,51805000
C01281;1281;BIFOUITI-1;300;64;60;2;8;-4,29751210;15,22859900
C01282;1282;BIFOUITI-2;300;66;60;2;8;-4,29751210;15,22859900
C01283;1283;BIFOUITI-3;300;63;55;2;8;-4,29751210;15,22859900
20031;20031;BILALA;109;64;16;1;2;-4,51300000;12,22228000
20032;20032;BILALA;109;66;24;1;3;-4,51300000;12,22228000
C35061;35061;BISSINZA-1;400;75;27;1;4;-4,38594400;15,11511000
C35062;35062;BISSINZA-2;400;77;13;1;2;-4,38594400;15,11511000
10531;10531;BISSONGO1;401;73;32;2;4;-4,78175000;11,90819444
10532;10532;BISSONGO2;401;80;24;2;3;-4,78175000;11,90819444
10533;10533;BISSONGO3;401;69;24;2;3;-4,78175000;11,90819444
10534;10534;BISSONGO4;401;598;32;2;4;-4,78175000;11,90819444
10535;10535;BISSONGO5;401;596;32;2;4;-4,78175000;11,90819444
10536;10536;BISSONGO6;401;606;32;2;4;-4,78175000;11,90819444
20211;20211;BIVELA;601;63;8;1;1;-3,82863100;12,00485000
20212;20212;BIVELA;601;79;8;1;1;-3,82863100;12,00485000
20213;20213;BIVELA;601;76;24;1;3;-3,82863100;12,00485000
C00951;951;BLANCHE GOMEZ-1;250;69;61;2;8;-4,27697420;15,25724890
C00952;952;BLANCHE GOMEZ-2;250;76;45;2;6;-4,27697420;15,25724890
C00953;953;BLANCHE GOMEZ-3;250;65;44;2;6;-4,27697420;15,25724890
C00401;401;BOETA MBONGO-1;200;76;73;2;10;-4,23949986;15,27458670
C00402;402;BOETA MBONGO-2;200;71;59;2;8;-4,23949986;15,27458670
C00403;403;BOETA MBONGO-3;200;66;72;2;10;-4,23949986;15,27458670
35211;35211;BOKO;413;63;16;1;2;-4,77756100;14,62180000
35212;35212;BOKO;413;78;8;1;1;-4,77756100;14,62180000
35213;35213;BOKO;413;66;8;1;1;-4,77756100;14,62180000
30091;30091;BOKO SONGHO;107;69;16;1;2;-4,43965600;13,63144100
30092;30092;BOKO SONGHO;107;63;16;1;2;-4,43965600;13,63144100
30093;30093;BOKO SONGHO;107;66;16;1;2;-4,43965600;13,63144100
50101;50101;BOKOUELE;117;76;16;1;2;-1,02600000;16,31272200
50102;50102;BOKOUELE;117;78;8;1;1;-1,02600000;16,31272200
50103;50103;BOKOUELE;117;69;8;1;1;-1,02600000;16,31272200
C00981;981;BONGONOUARA-1;100;65;28;2;4;-4,17529250;15,25400160
C00982;982;BONGONOUARA-2;100;74;60;2;8;-4,17529250;15,25400160
C00983;983;BONGONOUARA-3;100;77;59;2;8;-4,17529250;15,25400160
C01611;1611;BOPAKA-1;200;75;43;2;6;-4,26638030;15,24722670
C01612;1612;BOPAKA-2;200;65;42;2;6;-4,26638030;15,24722670
C01613;1613;BOPAKA-3;200;68;45;2;6;-4,26638030;15,24722670
50121;50121;BOTOUNOU;117;64;16;1;2;-0,90933300;17,35122200
50122;50122;BOTOUNOU;117;72;16;1;2;-0,90933300;17,35122200
50123;50123;BOTOUNOU;117;62;16;1;2;-0,90933300;17,35122200
30141;30141;BOUANSA;107;71;32;1;4;-4,21422200;13,76013900
30142;30142;BOUANSA;107;62;32;1;4;-4,21422200;13,76013900
30143;30143;BOUANSA;107;65;32;1;4;-4,21422200;13,76013900
45131;45131;BOUEMBA;117;66;24;1;3;-2,20384400;16,07348900
45132;45132;BOUEMBA;117;74;16;1;2;-2,20384400;16,07348900
45133;45133;BOUEMBA;117;70;8;1;1;-2,20384400;16,07348900
C00601;601;BOULEVARD-1;200;71;61;2;8;-4,26414440;15,26059440
C00602;602;BOULEVARD-2;200;68;60;2;8;-4,26414440;15,26059440
C00603;603;BOULEVARD-3;200;73;58;3;8;-4,26414440;15,26059440
50041;50041;BOUNDJI;117;66;32;1;4;-1,02828000;15,34339000
50042;50042;BOUNDJI;117;70;32;1;4;-1,02828000;15,34339000
50043;50043;BOUNDJI;117;74;24;1;3;-1,02828000;15,34339000
C00751;751;BOURREAU-1;300;63;59;2;8;-4,29979750;15,24132350
C00752;752;BOURREAU-2;300;71;59;2;8;-4,29979750;15,24132350
C00753;753;BOURREAU-3;300;69;56;2;8;-4,29979750;15,24132350
10021;10021;BRASSERIE1;401;72;32;1;4;-4,81277778;11,86866667
10022;10022;BRASSERIE2;401;70;32;2;4;-4,81277778;11,86866667
10023;10023;BRASSERIE3;401;64;24;2;3;-4,81277778;11,86866667
10024;10024;BRASSERIE4;401;594;24;2;3;-4,81277778;11,86866667
10025;10025;BRASSERIE5;401;603;24;2;3;-4,81277778;11,86866667
10026;10026;BRASSERIE6;401;601;16;2;2;-4,81277778;11,86866667
10741;10741;CAMPLABASE1;401;65;32;1;4;-4,81096000;11,87796000
10742;10742;CAMPLABASE2;401;76;32;1;4;-4,81096000;11,87796000
10743;10743;CAMPLABASE3;401;74;32;1;4;-4,81096000;11,87796000
C00201;201;CASE DE GAULLE-1;250;65;44;2;6;-4,28957800;15,26626700
C00202;202;CASE DE GAULLE-2;250;72;45;2;6;-4,28957800;15,26626700
C00203;203;CASE DE GAULLE-3;250;75;60;2;8;-4,28957800;15,26626700
10441;10447;CASEPARTIA;601;70;24;1;3;-4,78172200;11,86575000
10442;10448;CASEPARTIB;601;68;24;1;3;-4,78172200;11,86575000
10443;10449;CASEPARTIC;601;73;24;1;3;-4,78172200;11,86575000
C00171;171;CASIS-1;100;77;59;2;8;-4,19775680;15,25798320
C00172;172;CASIS-2;100;64;61;2;8;-4,19775680;15,25798320
C00173;173;CASIS-3;100;73;61;2;8;-4,19775680;15,25798320
C00581;581;CATARACTES-1;300;63;44;2;6;-4,30921600;15,22271730
C00582;582;CATARACTES-2;300;73;45;2;6;-4,30921600;15,22271730
C00583;583;CATARACTES-3;300;67;45;2;6;-4,30921600;15,22271730
C00131;131;CEG NGAMABA-1;200;74;77;2;10;-4,24704460;15,24281310
C00132;132;CEG NGAMABA-2;200;64;60;2;8;-4,24704460;15,24281310
C00133;133;CEG NGAMABA-3;200;72;58;2;8;-4,24704460;15,24281310
10691;10697;CEGMOEPOATYA;601;74;32;1;4;-4,77130600;11,87561100
10692;10698;CEGMOEPOATYB;601;70;24;1;3;-4,77130600;11,87561100
10693;10699;CEGMOEPOATYC;601;68;32;1;4;-4,77130600;11,87561100
C00651;651;CENTRE SPORTIF-1;250;64;60;2;8;-4,29231790;15,24507710
C00652;652;CENTRE SPORTIF-2;250;76;57;2;8;-4,29231790;15,24507710
C00653;653;CENTRE SPORTIF-3;250;66;60;2;8;-4,29231790;15,24507710
C00701;701;CIESPAC-1;100;65;60;2;8;-4,21153310;15,26555730
C00702;702;CIESPAC-2;100;76;44;2;6;-4,21153310;15,26555730
C00703;703;CIESPAC-3;100;70;60;2;8;-4,21153310;15,26555730
10811;10811;CIMITIEREMONGO1;601;62;24;0;3;-4,75238889;11,90108333
10812;10812;CIMITIEREMONGO2;601;66;24;0;3;-4,75238889;11,90108333
10813;10813;CIMITIEREMONGO3;601;72;24;0;3;-4,75238889;11,90108333
10814;10814;CIMITIEREMONGO4;601;590;32;0;4;-4,75238889;11,90108333
10815;10815;CIMITIEREMONGO5;601;603;32;0;4;-4,75238889;11,90108333
10816;10816;CIMITIEREMONGO6;601;599;32;0;4;-4,75238889;11,90108333
C00661;661;CINEMA ABC-1;200;71;60;2;8;-4,26032110;15,27097990
C00662;662;CINEMA ABC-2;200;69;60;2;8;-4,26032110;15,27097990
C00663;663;CINEMA ABC-3;200;67;59;2;8;-4,26032110;15,27097990
10751;10751;CLUBHIPPIQUE41;401;67;32;1;4;-4,80444000;11,86241000
10752;10752;CLUBHIPPIQUE42;401;77;32;1;4;-4,80444000;11,86241000
10753;10753;CLUBHIPPIQUE43;401;63;32;1;4;-4,80444000;11,86241000
C01081;1081;CNSS LYCEE-1;100;72;57;2;8;-4,20638080;15,25924490
C01082;1082;CNSS LYCEE-2;100;63;60;2;8;-4,20638080;15,25924490
C01083;1083;CNSS LYCEE-3;100;75;60;2;8;-4,20638080;15,25924490
10601;10607;CNSSFOUKSA;601;77;32;1;4;-4,78358300;11,88519400
10602;10608;CNSSFOUKSB;601;63;24;1;3;-4,78358300;11,88519400
10603;10609;CNSSFOUKSC;601;73;24;1;3;-4,78358300;11,88519400
C00564;564;COMMUNE-4;200;592;;2;4;-4,24688100;15,27152000
C00565;565;COMMUNE-5;200;600;;2;4;-4,24688100;15,27152000
C00566;566;COMMUNE-6;200;610;;2;4;-4,24688100;15,27152000
C00841;841;CORDONNIER-1;100;70;60;2;8;-4,22369000;15,27912810
C00842;842;CORDONNIER-2;100;76;43;2;6;-4,22369000;15,27912810
C00843;843;CORDONNIER-3;100;68;60;2;8;-4,22369000;15,27912810
10761;10761;COTEMATEV1;501;62;32;1;4;-4,88510000;11,92850000
10762;10762;COTEMATEV2;501;66;32;1;4;-4,88510000;11,92850000
10763;10763;COTEMATEV3;501;79;32;1;4;-4,88510000;11,92850000
10241;10247;CULOTTEA;601;69;24;1;3;-4,77326100;11,89288300
10242;10248;CULOTTEB;601;76;24;1;3;-4,77326100;11,89288300
10243;10249;CULOTTEC;601;74;24;1;3;-4,77326100;11,89288300
C00311;311;DC BRAZZA-1;200;68;76;2;10;-4,27691890;15,28129860
C00312;312;DC BRAZZA-2;200;64;60;2;8;-4,27691890;15,28129860
C00313;313;DC BRAZZA-3;200;77;61;2;8;-4,27691890;15,28129860
C00091;91;DIATTA-1;250;71;60;2;8;-4,27293250;15,24125670
C00092;92;DIATTA-2;250;65;44;2;6;-4,27293250;15,24125670
C00093;93;DIATTA-3;250;73;43;2;6;-4,27293250;15,24125670
10101;10101;DIOSSO;601;71;16;1;2;-4,63352500;11,84201100
10102;10102;DIOSSO;601;65;16;1;2;-4,63352500;11,84201100
10103;10103;DIOSSO;601;68;16;1;2;-4,63352500;11,84201100
25091;25091;DIVENIE;612;64;16;1;2;-2,70891700;12,02900000
25092;25092;DIVENIE;612;66;16;1;2;-2,70891700;12,02900000
25093;25093;DIVENIE;612;68;16;1;2;-2,70891700;12,02900000
C00511;511;DIX MAISONS-1;200;75;59;2;8;-4,25115010;15,26514240
C00512;512;DIX MAISONS-2;200;69;59;2;8;-4,25115010;15,26514240
C00513;513;DIX MAISONS-3;200;77;61;2;8;-4,25115010;15,26514240
45031;45031;DJAMBALA ;214;64;32;1;4;-2,54119400;14,75513900
45032;45032;DJAMBALA ;214;66;32;1;4;-2,54119400;14,75513900
45033;45033;DJAMBALA ;214;76;32;1;4;-2,54119400;14,75513900
C00271;271;DJOUE-1;300;76;60;2;8;-4,30718900;15,23743630
C00272;272;DJOUE-2;300;69;58;2;8;-4,30718900;15,23743630
25071;25071;DOLISIE BACONGO;109;70;64;2;8;-4,20982800;12,67288100
25072;25072;DOLISIE BACONGO;109;64;56;1;7;-4,20982800;12,67288100
25073;25073;DOLISIE BACONGO;109;73;56;1;7;-4,20982800;12,67288100
25077;25077;DOLISIE BACONGO;109;595;32;1;4;-4,20982800;12,67288100
25078;25078;DOLISIE BACONGO;109;597;32;1;4;-4,20982800;12,67288100
25079;25079;DOLISIE BACONGO;109;599;32;1;4;-4,20982800;12,67288100
25341;25341;DOLISIE GAYA;109;63;16;1;2;-4,19739000;12,68258300
25342;25342;DOLISIE GAYA;109;69;16;1;2;-4,19739000;12,68258300
25343;25343;DOLISIE GAYA;109;67;32;1;4;-4,19739000;12,68258300
25344;25344;DOLISIE GAYA;109;589;32;1;4;-4,19739000;12,68258300
25345;25345;DOLISIE GAYA;109;591;32;1;4;-4,19739000;12,68258300
25346;25346;DOLISIE GAYA;109;593;32;1;4;-4,19739000;12,68258300
25361;25361;DOLISIE EXCELLENCE;109;73;12;1;2;-4,15930600;12,64563900
25362;25362;DOLISIE EXCELLENCE;109;66;12;1;2;-4,15930600;12,64563900
25363;25363;DOLISIE EXCELLENCE;109;68;12;1;2;-4,15930600;12,64563900
60031;60031;DONGOU;406;77;24;1;3;2,13630000;18,04186000
60032;60032;DONGOU;406;80;24;1;3;2,13630000;18,04186000
60033;60033;DONGOU;406;75;16;1;2;2,13630000;18,04186000
40131;40131;DOUAKANI;108;74;16;1;2;-2,94483600;13,61364400
40132;40132;DOUAKANI;108;65;16;1;2;-2,94483600;13,61364400
40133;40133;DOUAKANI;108;62;16;1;2;-2,94483600;13,61364400
20291;20291;DOUMANGA;191;;16;1;2;-4,41714400;12,22519700
20292;20292;DOUMANGA;191;;16;1;2;-4,41714400;12,22519700
20293;20293;DOUMANGA;191;;16;1;2;-4,41714400;12,22519700
C01321;1321;DZOUMOUNA-1;400;73;13;1;2;-4,36093000;15,13820000
C01322;1322;DZOUMOUNA-2;400;63;12;1;2;-4,36093000;15,13820000
C01323;1323;DZOUMOUNA-3;400;71;13;1;2;-4,36093000;15,13820000
C00831;831;ECOLE MOUKONDO-1;100;72;58;2;8;-4,22783300;15,26909450
C00832;832;ECOLE MOUKONDO-2;100;68;57;2;8;-4,22783300;15,26909450
C00833;833;ECOLE MOUKONDO-3;100;66;59;2;8;-4,22783300;15,26909450
10611;10611;ECOLE31DEC19691;601;68;32;2;4;-4,79122222;11,88613889
10612;10612;ECOLE31DEC19692;601;73;32;2;4;-4,79122222;11,88613889
10613;10613;ECOLE31DEC19693;601;78;32;2;4;-4,79122222;11,88613889
10614;10614;ECOLE31DEC19694;601;603;24;2;3;-4,79122222;11,88613889
10615;10615;ECOLE31DEC19695;601;599;32;2;4;-4,79122222;11,88613889
10616;10616;ECOLE31DEC19696;601;590;32;2;4;-4,79122222;11,88613889
50141;50141;EDOU;117;73;32;1;4;-1,11091600;15,95236100
50142;50142;EDOU;117;64;32;1;4;-1,11091600;15,95236100
50143;50143;EDOU;117;79;24;1;3;-1,11091600;15,95236100
C00381;381;EEC DE TALANGAI-1;100;68;59;2;8;-4,22767210;15,28731540
C00382;382;EEC DE TALANGAI-2;100;66;61;2;8;-4,22767210;15,28731540
C00383;383;EEC DE TALANGAI-3;100;71;60;2;8;-4,22767210;15,28731540
62161;62161;ELONDZI;118;63;12;1;2;-1,14645000;16,34696944
62162;62162;ELONDZI;118;68;12;1;2;-1,14645000;16,34696944
62163;62163;ELONDZI;118;72;12;1;2;-1,14645000;16,34696944
60041;60041;ENYELLE;506;65;8;1;1;2,82361100;18,03442500
60042;60042;ENYELLE;506;71;24;1;3;2,82361100;18,01722200
60043;60043;ENYELLE;506;79;8;1;1;2,82361100;18,01722200
60051;60051;EPENA;191;62;16;1;2;1,36222200;17,45861100
60052;60052;EPENA;191;79;16;1;2;1,36222200;17,45861100
60053;60053;EPENA;191;72;8;1;1;1,36222200;17,45861100
55031;55031;ETOUMBI;191;79;8;1;1;0,02464000;14,89050000
55032;55032;ETOUMBI;191;77;24;1;3;0,02464000;14,89050000
55033;55033;ETOUMBI;191;75;16;1;2;0,02464000;14,89050000
C45151;45151;ETSOUALI-1;213;74;29;1;4;-2,76354000;15,51754000
C45152;45152;ETSOUALI-2;213;68;30;1;4;-2,76354000;15,51754000
55021;55021;EWO;117;64;32;2;4;-0,87406000;14,81591000
55022;55022;EWO;117;72;16;2;2;-0,87406000;14,81591000
55023;55023;EWO;117;66;32;2;4;-0,87406000;14,81591000
55171;55171;EWO BOUGUI;118;;16;2;2;0,85605600;14,82233300
55172;55172;EWO BOUGUI;118;;24;2;3;0,85605600;14,82233300
55173;55173;EWO BOUGUI;118;;8;2;1;0,85605600;14,82233300
55161;55161;EWO2 MTN;118;;16;1;2;0,88433100;14,82311100
55162;55162;EWO2 MTN;118;;16;1;2;0,88433100;14,82311100
55163;55163;EWO2 MTN;118;;16;1;2;0,88433100;14,82311100
C01051;1051;EX TRESOR-1;250;68;29;2;4;-4,28375700;15,26817800
C01052;1052;EX TRESOR-2;250;70;29;2;4;-4,28375700;15,26817800
C01053;1053;EX TRESOR-3;250;73;29;2;4;-4,28375700;15,26817800
C00061;61;FAIGNOND-1;200;77;57;2;8;-4,26301000;15,28433900
C00062;62;FAIGNOND-2;200;69;59;2;8;-4,26301000;15,28433900
C00063;63;FAIGNOND-3;200;72;59;2;8;-4,26301000;15,28433900
C00071;71;FINANCES-1;200;73;60;2;8;-4,27685640;15,27766610
C00072;72;FINANCES-2;200;70;60;2;8;-4,27685640;15,27766610
C00073;73;FINANCES-3;200;67;61;2;8;-4,27685640;15,27766610
10781;10781;FOIREPNR;601;73;16;2;2;-4,77586000;11,85878000
10782;10781;FOIREPNR;601;64;16;2;2;-4,77586000;11,85878000
10783;10781;FOIREPNR;601;70;16;2;2;-4,77586000;11,85878000
10211;10217;FONDTIETIEA;601;65;24;1;3;-4,80226100;11,90130800
10212;10218;FONDTIETIEB;601;68;24;2;3;-4,80226100;11,90130800
10213;10219;FONDTIETIEC;601;63;24;1;3;-4,80226100;11,90130800
25351;25351;FORALAC;612;68;16;2;2;-3,44083000;12,67361100
25352;25352;FORALAC;612;63;16;2;2;-3,44083000;12,67361100
25353;25353;FORALAC;612;70;16;2;2;-3,44083000;12,67361100
10661;10667;FORUMMBONGUIA;601;68;24;1;3;-4,79394400;11,85311100
10662;10668;FORUMMBONGUIB;601;77;24;1;3;-4,79394400;11,85311100
10663;10669;FORUMMBONGUIC;601;65;24;1;3;-4,79394400;11,85311100
10551;10551;FOUTA;501;;16;1;2;-4,95108300;11,97330600
10552;10552;FOUTA;501;;24;1;3;-4,95108300;11,97330600
10553;10553;FOUTA;501;;16;1;2;-4,95108300;11,97330600
45211;45211;GAMBOMA;117;64;32;1;4;-1,87194000;15,87337000
45212;45212;GAMBOMA;117;70;32;1;4;-1,87194000;15,87337000
45213;45213;GAMBOMA;117;66;32;1;4;-1,87194000;15,87337000
10371;10371;GAYA1;901;77;16;1;2;-4,83569444;11,88244444
10372;10372;GAYA2;901;68;16;1;2;-4,83569444;11,88244444
10373;10373;GAYA3;901;63;16;1;2;-4,83569444;11,88244444
10374;10374;GAYA4;901;607;16;1;2;-4,83569444;11,88244444
10375;10375;GAYA5;901;612;16;1;2;-4,83569444;11,88244444
10376;10376;GAYA6;901;589;16;1;2;-4,83569444;11,88244444
35371;35371;GOMA TSE-TSE;413;65;16;1;2;-4,25041700;15,10877800
35372;35372;GOMA TSE-TSE;413;69;16;1;2;-4,25041700;15,10877800
35373;35373;GOMA TSE-TSE;413;73;16;1;2;-4,25041700;15,10877800
10031;10037;GRANDMARCHEA;601;80;32;1;4;-4,78666700;11,86628300
10032;10038;GRANDMARCHEB;601;77;24;1;3;-4,78666700;11,86628300
10033;10039;GRANDMARCHEC;601;72;24;1;3;-4,78666700;11,86628300
C00191;191;HD TALANGAI-1;100;76;60;2;8;-4,22462610;15,28965380
C00192;192;HD TALANGAI-2;100;73;76;2;10;-4,22462610;15,28965380
C00193;193;HD TALANGAI-3;100;67;76;2;10;-4,22462610;15,28965380
20041;20041;HINDA;109;77;24;1;3;-4,60794400;12,04355600
20042;20042;HINDA;109;63;16;1;2;-4,60794400;12,04355600
20043;20043;HINDA;109;67;24;1;3;-4,60794400;12,04355600
C00041;41;HQ BRAZZA-1;200;71;61;2;8;-4,26986550;15,27585120
C00042;42;HQ BRAZZA-2;200;75;61;2;8;-4,26986550;15,27585120
C00043;43;HQ BRAZZA-3;200;73;45;2;6;-4,26986550;15,27585120
10011;10017;HQPNRA;601;69;32;1;4;-4,80075000;11,84258100
10012;10018;HQPNRB;601;64;24;1;3;-4,80075000;11,84258100
10013;10019;HQPNRC;601;77;24;1;3;-4,80075000;11,84258100
50191;50191;IBEKE;118;78;8;1;1;-0,68167700;15,90121500
50192;50192;IBEKE;118;63;8;1;1;-0,68167700;15,90121500
50193;50193;IBEKE;118;65;8;1;1;-0,68167700;15,90121500
35411;35411;IMBIMI;214;65;16;1;2;-3,79778900;15,45635000
35412;35412;IMBIMI;214;76;16;1;2;-3,79778900;15,45635000
C45251;45251;IMBOULOU_2-1;213;66;13;1;2;-2,92672200;16,04358000
C45252;45252;IMBOULOU_2-2;213;77;29;1;4;-2,92672200;16,04358000
C45253;45253;IMBOULOU_2-3;213;63;13;1;2;-2,92672200;16,04358000
C35201;35201;IMBOULOU-1;213;72;29;2;4;-2,96852500;16,04986000
C35202;35202;IMBOULOU-2;213;74;30;2;4;-2,96852500;16,04986000
C35203;35203;IMBOULOU-3;213;70;29;2;4;-2,96852500;16,04986000
C01271;1271;IMMEUBLE NKOUKOU FILS-1;250;67;60;1;8;-4,28256180;15,25793550
C01272;1272;IMMEUBLE NKOUKOU FILS-2;250;63;61;1;8;-4,28256180;15,25793550
C01273;1273;IMMEUBLE NKOUKOU FILS-3;250;65;61;1;8;-4,28256180;15,25793550
60011;60011;IMPFONDO;606;64;48;1;6;1,61714000;18,06203000
60012;60012;IMPFONDO;606;67;32;1;4;1,61714000;18,06203000
60013;60013;IMPFONDO;606;70;32;1;4;1,61714000;18,06203000
45071;45071;IMPORO;117;66;16;1;2;-1,66225000;15,87786100
45072;45072;IMPORO;117;78;16;1;2;-1,66225000;15,87786100
35191;35191;IMVOUBA;214;72;16;1;2;-3,32250000;15,57444500
35192;35192;IMVOUBA;214;77;16;1;2;-3,32250000;15,57444500
35193;35193;IMVOUBA;214;69;32;1;4;-3,32250000;15,57444500
45371;45371;INGOUELE;117;;16;1;2;-1,88565000;16,14328900
45372;45372;INGOUELE;117;;16;1;2;-1,88565000;16,14328900
45373;45373;INGOUELE;117;;16;1;2;-1,88565000;16,14328900
35041;35041;INONI;214;69;16;1;2;-3,06997200;15,64319400
35042;35042;INONI;214;67;16;1;2;-3,06997200;15,64319400
35043;35043;INONI;214;64;16;1;2;-3,06997200;15,64319400
C00621;621;INTENDANCE-1;200;77;74;2;10;-4,23592620;15,28699680
C00622;622;INTENDANCE-2;200;72;75;2;10;-4,23592620;15,28699680
C00623;623;INTENDANCE-3;200;64;56;2;8;-4,23592620;15,28699680
45081;45081;INTSELE;117;78;8;1;1;-2,07097200;15,88775000
45082;45082;INTSELE;117;76;16;1;2;-2,07097200;15,88775000
60201;60201;IPENZA;118;74;16;2;2;2,38194400;17,10522900
60202;60202;IPENZA;118;63;16;2;2;2,38194400;17,10522900
60203;60203;IPENZA;118;67;16;2;2;2,38194400;17,10522900
C00111;111;ITATOLO-1;100;75;60;2;8;-4,15988210;15,26325320
C00112;112;ITATOLO-2;100;68;60;2;8;-4,15988210;15,26325320
C00113;113;ITATOLO-3;100;73;60;2;8;-4,15988210;15,26325320
C00521;521;JANE VIALE-1;200;66;76;2;10;-4,24986930;15,27780720
C00522;522;JANE VIALE-2;200;73;77;2;10;-4,24986930;15,27780720
C00523;523;JANE VIALE-3;200;77;76;2;10;-4,24986930;15,27780720
62051;62051;KABO;216;66;16;1;2;2,05133100;16,08571900
62052;62052;KABO;216;70;8;1;1;2,05133100;16,08571900
62053;62053;KABO;216;75;16;1;2;2,05133100;16,08571900
20061;20061;KAKAMOEKA;601;66;8;1;1;-4,13246900;12,06402800
20062;20062;KAKAMOEKA;601;64;8;1;1;-4,13246900;12,06402800
20063;20063;KAKAMOEKA;601;69;16;1;2;-4,13246900;12,06402800
C00631;631;KANGA MBANZI-1;200;67;;2;8;-4,24223100;15,29812000
C00632;632;KANGA MBANZI-2;200;65;;2;8;-4,24223100;15,29812000
C00633;633;KANGA MBANZI-3;200;72;;2;8;-4,24223100;15,29812000
45261;45261;KEBARA;214;67;16;1;2;-2,36176100;14,45413300
45262;45262;KEBARA;214;70;16;1;2;-2,36176100;14,45413300
45263;45263;KEBARA;214;73;16;1;2;-2,36176100;14,45413300
55061;55061;KEBILI;117;;16;1;2;-0,87022200;14,50897200
55062;55062;KEBILI;117;;16;1;2;-0,87022200;14,50897200
55063;55063;KEBILI;117;;16;1;2;-0,87022200;14,50897200
55011;55011;KELLE;191;62;16;1;2;-0,05991900;14,48891100
55012;55012;KELLE;191;65;16;1;2;-0,05991900;14,48891100
40181;40181;KENGUE;107;72;16;2;2;-3,13086000;13,86808300
40182;40182;KENGUE;107;64;16;2;2;-3,13086000;13,86808300
40183;40183;KENGUE;107;66;16;2;2;-3,13086000;13,86808300
35471;35471;KIANI YONO;214;70;24;1;3;-3,23130000;15,59743900
35472;35472;KIANI YONO;214;62;24;1;3;-3,23130000;15,59743900
30201;30201;KIBAMBA;107;65;16;1;2;-3,81669400;14,06697200
30202;30202;KIBAMBA;107;71;16;1;2;-3,81669400;14,06697200
30203;30203;KIBAMBA;107;77;16;1;2;-3,81669400;14,06697200
25101;25101;KIBANGOU;612;76;16;1;2;-3,48600800;12,31893100
25102;25102;KIBANGOU;612;68;8;1;1;-3,48600800;12,31893100
25103;25103;KIBANGOU;612;80;16;1;2;-3,48600800;12,31893100
35361;35361;KIBOSSI;413;70;16;1;2;-4,22447200;14,97547200
35362;35362;KIBOSSI;413;62;16;1;2;-4,22447200;14,97547200
35363;35363;KIBOSSI;413;68;16;1;2;-4,22447200;14,97547200
35351;35351;KIBOUENDE;413;75;16;1;2;-4,14794400;14,90408300
35352;35352;KIBOUENDE;413;63;16;1;2;-4,14794400;14,90408300
35353;35353;KIBOUENDE;413;71;16;1;2;-4,14794400;14,90408300
35271;35271;KIKEMBO;413;76;24;1;3;-4,24197200;14,21391700
35272;35272;KIKEMBO;413;62;8;1;1;-4,24197200;14,21391700
35273;35273;KIKEMBO;413;64;8;1;1;-4,24197200;14,21391700
35381;35381;KIMBA;107;76;32;1;4;-3,39869400;14,18930600
35382;35382;KIMBA;107;62;16;1;2;-3,39869400;14,18930600
35383;35383;KIMBA;107;64;16;1;2;-3,39869400;14,18930600
35251;35251;KIMBEDI;107;62;16;1;2;-4,29880600;13,95486100
35252;35252;KIMBEDI;107;79;16;1;2;-4,29880600;13,95486100
35253;35253;KIMBEDI;107;101;16;1;2;-4,29880600;13,95486100
25111;25111;KIMONGO;109;66;8;1;1;-4,48267700;12,95239100
25112;25112;KIMONGO;109;74;16;1;2;-4,48267700;12,95239100
25113;25113;KIMONGO;109;76;16;1;2;-4,48267700;12,95239100
30211;30211;KIMPALANGA;108;69;16;1;2;-4,17761100;13,41177800
30212;30212;KIMPALANGA;108;71;16;1;2;-4,17761100;13,41177800
30213;30213;KIMPALANGA;108;67;16;1;2;-4,17761100;13,41177800
35241;35241;KIMPILA;413;76;8;1;1;-4,62096600;14,79616000
35242;35242;KIMPILA;413;70;8;1;1;-4,62096600;14,79616000
35243;35243;KIMPILA;413;80;8;1;1;-4,62096600;14,79616000
C01151;1151;KIMPOUOMO-1;300;77;28;2;4;-4,29793360;15,17697330
C01152;1152;KIMPOUOMO-2;300;68;44;2;6;-4,29793360;15,17697330
C01153;1153;KIMPOUOMO-3;300;70;29;2;4;-4,29793360;15,17697330
35151;35151;KINDAMBA;107;63;32;1;4;-3,73208000;14,50580000
35152;35152;KINDAMBA;107;68;32;1;4;-3,73208000;14,50580000
35153;35153;KINDAMBA;107;77;32;1;4;-3,73208000;14,50580000
C00801;801;KINGOUARI-1;300;66;61;2;8;-4,28385160;15,22721000
C00802;802;KINGOUARI-2;300;77;60;2;8;-4,28385160;15,22721000
C00803;803;KINGOUARI-3;300;64;60;2;8;-4,28385160;15,22721000
30101;30101;KINGOUE ;107;66;16;1;2;-3,71086100;14,15475000
30102;30102;KINGOUE ;107;75;16;1;2;-3,71086100;14,15475000
30103;30103;KINGOUE ;107;68;16;1;2;-3,71086100;14,15475000
35291;35291;KINGOYI;413;74;16;1;2;-4,23391700;14,28238900
35292;35292;KINGOYI;413;70;16;1;2;-4,23391700;14,28238900
35293;35293;KINGOYI;413;78;16;1;2;-4,23391700;14,28238900
35010;35010;KINKALA;413;78;32;1;4;-4,34489900;14,79583000
35011;35011;KINKALA;413;74;32;2;4;-4,34489900;14,79583000
35012;35012;KINKALA;413;71;32;2;4;-4,34489900;14,79583000
35791;35791;KINKALA2;413;63;20;1;3;-4,35617800;14,74733100
35792;35792;KINKALA2;413;67;42;1;6;-4,35617800;14,74733100
35793;35793;KINKALA2;413;69;20;1;3;-4,35617800;14,74733100
35491;35491;KINKOUA;107;75;16;1;2;-3,40524200;14,31343900
35492;35492;KINKOUA;107;63;16;1;2;-3,40524200;14,31343900
35493;35493;KINKOUA;107;80;16;1;2;-3,40524200;14,31343900
C00181;181;KINSOUNDI-1;300;69;60;2;8;-4,28261900;15,22090150
C00182;182;KINSOUNDI-2;300;75;60;2;8;-4,28261900;15,22090150
C00183;183;KINSOUNDI-3;300;66;75;2;10;-4,28261900;15,22090150
10411;10411;KM41;601;73;32;2;4;-4,80361111;11,86691667
10412;10412;KM42;601;62;24;2;3;-4,80361111;11,86691667
10413;10413;KM43;601;69;32;2;4;-4,80361111;11,86691667
10414;10414;KM44;601;601;32;2;4;-4,80361111;11,86691667
10415;10415;KM45;601;608;24;2;3;-4,80361111;11,86691667
10416;10416;KM46;601;605;24;2;3;-4,80361111;11,86691667
40031;40031;KOMONO;108;76;16;1;2;-3.290178;13.233467
40032;40032;KOMONO;108;70;16;1;2;-3.290178;13.233467
40033;40033;KOMONO;108;72;24;1;3;-3.290178;13.233467
45201;45201;KONDA;117;71;16;1;2;-1.518028;16.630278
45202;45202;KONDA;117;65;16;1;2;-1.518028;16.630278
45203;45203;KONDA;117;62;16;1;2;-1.518028;16.630278
10791;10791;KOWEIT1;601;63;24;1;3;-4,77158300;11,90441700
10792;10792;KOWEIT2;601;65;16;1;2;-4,77158300;11,90441700
10793;10793;KOWEIT3;601;72;32;1;4;-4,77158300;11,90441700
20261;20261;KUNDJI;501;64;16;1;2;-4,84147200;12,11972200
20262;20262;KUNDJI;501;62;16;1;2;-4,84147200;12,11972200
20263;20263;KUNDJI;501;71;16;1;2;-4,84147200;12,11972200
C35521;35521;LAAC-1;400;64;28;1;4;-4,32545090;15,15583320
C35522;35522;LAAC-2;400;69;28;1;4;-4,32545090;15,15583320
C35523;35523;LAAC-3;400;77;28;1;4;-4,32545090;15,15583320
10141;10141;LABASE1;601;71;32;2;4;-4,80025000;11,87333333
10142;10142;LABASE2;601;67;24;2;3;-4,80025000;11,87333333
10143;10143;LABASE3;601;63;32;2;4;-4,80025000;11,87333333
10144;10144;LABASE4;601;612;24;1;3;-4,80025000;11,87333333
10145;10145;LABASE5;601;609;24;2;3;-4,80025000;11,87333333
10146;10146;LABASE6;601;604;24;2;3;-4,80025000;11,87333333
C35071;35071;Lefini-1;213;66;29;1;4;-2,91713900;15,63372000
C35072;35072;Lefini-2;213;77;14;1;2;-2,91713900;15,63372000
40151;40151;LEFOUTOU;108;70;16;1;2;-3.756444;13.346917
40152;40152;LEFOUTOU;108;76;8;1;1;-3.756444;13.346917
40153;40153;LEFOUTOU;108;67;8;1;1;-3.756444;13.346917
45041;45041;LEKANA ;214;70;16;1;2;-2.326;14.579528
45042;45042;LEKANA ;214;72;16;1;2;-2.326;14.579528
45043;45043;LEKANA ;214;68;16;1;2;-2.326;14.579528
50061;50061;LEKETY;117;68;16;1;2;-1.585389;14.952189
50062;50062;LEKETY;117;70;16;1;2;-1.585389;14.952189
20081;20081;LESARA;109;78;16;1;2;-4.361527;12.312089
20082;20082;LESARA;109;69;16;1;2;-4.361527;12.312089
20083;20083;LESARA;109;72;16;3;2;-4.361527;12.312089
20321;20321;LIAMBOU;191;65;16;1;2;-4,64945800;11,97905000
20322;20322;LIAMBOU;191;79;16;1;2;-4,64945800;11,97905000
20323;20323;LIAMBOU;191;75;16;1;2;-4,64945800;11,97905000
35281;35281;LIFOULA;214;63;16;1;2;-4,08603900;15,37159700
35282;35282;LIFOULA;214;71;16;1;2;-4,08603900;15,37159700
35283;35283;LIFOULA;214;69;16;1;2;-4,08603900;15,37159700
60061;60061;LIRANGA;117;69;16;1;2;-0,65987200;17,61055300
60062;60062;LIRANGA;117;65;24;1;3;-0,65987200;17,61055300
60063;60063;LIRANGA;117;74;24;1;3;-0,65987200;17,61055300
10511;10517;LOANDJLICOMUNEA;601;68;32;1;4;-4,76472200;11,87352800
10512;10518;LOANDJLICOMUNEB;601;66;24;1;3;-4,76472200;11,87352800
10513;10519;LOANDJLICOMUNEC;601;71;24;1;3;-4,76472200;11,87352800
10461;10461;LOANDJLIFAUBRG1;601;67;24;1;3;-4,75136111;11,86344444
10462;10462;LOANDJLIFAUBRG2;601;70;16;1;2;-4,75136111;11,86344444
10463;10463;LOANDJLIFAUBRG3;601;76;24;1;3;-4,75136111;11,86344444
10464;10464;LOANDJLIFAUBRG4;601;612;32;1;4;-4,75136111;11,86344444
10465;10465;LOANDJLIFAUBRG5;601;607;24;1;3;-4,75136111;11,86344444
10466;10466;LOANDJLIFAUBRG6;601;602;32;1;4;-4,75136111;11,86344444
10051;10051;LOANDJLIHOPITL1;601;66;24;1;3;-4,76013889;11,86608333
10052;10052;LOANDJLIHOPITL2;601;76;16;1;2;-4,76013889;11,86608333
10053;10053;LOANDJLIHOPITL3;601;72;24;1;3;-4,76013889;11,86608333
10054;10054;LOANDJLIHOPITL4;601;597;32;1;4;-4,76013889;11,86608333
10055;10055;LOANDJLIHOPITL5;601;603;40;1;5;-4,76013889;11,86608333
10056;10056;LOANDJLIHOPITL6;601;590;24;1;3;-4,76013889;11,86608333
60191;60191;LOLA;118;70;16;2;2;3,16170900;16,46427100
60192;60192;LOLA;118;72;16;2;2;3,16170900;16,46427100
60193;60193;LOLA;118;65;16;2;2;3,16170900;16,46427100
25221;25221;LONDELAKAYES;109;76;8;1;1;-4.837667;13.397167
25222;25222;LONDELAKAYES;109;62;8;1;1;-4.837667;13.397167
25223;25223;LONDELAKAYES;109;68;16;1;2;-4.837667;13.397167
60141;60141;LOPOLA;118;64;16;2;2;3,42543000;16,59346000
60142;60142;LOPOLA;118;68;16;2;2;3,42543000;16,59346000
60143;60143;LOPOLA;118;62;16;2;2;3,42543000;16,59346000
25391;25391;LOUBETSI;612;69;12;1;2;-3,11136000;12,21186000
25392;25392;LOUBETSI;612;73;12;1;2;-3,11136000;12,21186000
25393;25393;LOUBETSI;612;75;12;1;2;-3,11136000;12,21186000
30171;30171;LOUBOTO;107;75;16;1;2;-3,89375000;13,77294400
30172;30172;LOUBOTO;107;62;16;1;2;-3,89375000;13,77294400
30173;30173;LOUBOTO;107;70;16;1;2;-3,89375000;13,77294400
10641;10641;LOUBOU;601;69;24;2;3;-4,66755600;11,83472200
10642;10642;LOUBOU;601;74;24;2;3;-4,66755600;11,83472200
10643;10643;LOUBOU;601;72;24;2;3;-4,66755600;11,83472200
30041;30041;LOUDIMA ;108;78;32;2;4;-4,10888900;13,06511100
30042;30042;LOUDIMA ;108;80;32;2;4;-4,10888900;13,06511100
30043;30043;LOUDIMA ;108;74;32;2;4;-4,10888900;13,06511100
35451;35451;LOUINGUI ;413;66;16;1;2;-4,56391700;14,69041700
35452;35452;LOUINGUI ;413;74;16;1;2;-4,56391700;14,69041700
35453;35453;LOUINGUI ;413;77;16;1;2;-4,56391700;14,69041700
50081;50081;LOUKOLELA;117;66;24;1;3;-1,04025000;17,10684000
50082;50082;LOUKOLELA;117;74;32;1;4;-1,04025000;17,10684000
50083;50083;LOUKOLELA;117;80;32;1;4;-1,04025000;17,10684000
35261;35261;LOULOMBO;107;73;8;1;1;-4,28936100;14,12711100
35262;35262;LOULOMBO;107;70;16;1;2;-4,28936100;14,12711100
35263;35263;LOULOMBO;107;68;16;1;2;-4,28936100;14,12711100
35221;35221;LOUMO;413;68;16;1;2;-4,65466900;14,47600000
35222;35222;LOUMO;413;70;16;1;2;-4,65466900;14,47600000
35223;35223;LOUMO;413;72;8;1;1;-4,65466900;14,47600000
60131;60131;LOUNDOUNGOU;118;76;16;2;2;2,26595600;17,20205800
60132;60132;LOUNDOUNGOU;118;74;16;2;2;2,26595600;17,20205800
60133;60133;LOUNDOUNGOU;118;63;16;2;2;2,26595600;17,20205800
10281;10281;LOUSSALA1;601;72;32;2;4;-4,78686111;11,92152778
10282;10282;LOUSSALA2;601;70;24;1;3;-4,78686111;11,92152778
10283;10283;LOUSSALA3;601;66;32;2;4;-4,78686111;11,92152778
30051;30051;LOUTETE;107;63;16;1;2;-4,29533300;13,86297200
30052;30052;LOUTETE;107;66;16;1;2;-4,29533300;13,86297200
30053;30053;LOUTETE;107;68;32;1;4;-4,29533300;13,86297200
30059;30059;LOUTETE;107;75;32;1;4;-4,29533300;13,86297200
25121;25121;LOUVAKOU ;612;70;8;1;1;-3,95772200;12,60358300
25122;25122;LOUVAKOU ;612;67;16;1;2;-3,95772200;12,60358300
25123;25123;LOUVAKOU ;612;62;8;1;1;-3,95772200;12,60358300
20191;20191;LOUVOULOU;109;70;8;1;1;-4,36880600;12,14100000
20192;20192;LOUVOULOU;109;76;8;1;1;-4,36880600;12,14100000
20193;20193;LOUVOULOU;109;83;8;1;1;-4,36880600;12,14100000
40101;40101;LOYO;108;77;8;1;1;-3,50636100;13,37863300
40102;40102;LOYO;108;65;8;1;1;-3,50636100;13,37863300
40103;40103;LOYO;108;80;8;1;1;-3,50636100;13,37863300
C00964;964;LYCEE REVOLUTION-4;200;590;;2;4;-4,24469400;15,29422000
C00965;965;LYCEE REVOLUTION-5;200;594;;2;4;-4,24469400;15,29422000
C00966;966;LYCEE REVOLUTION-6;200;601;;2;4;-4,24469400;15,29422000
30121;30121;MABOMBO;108;66;16;1;2;-3,98879700;13,47879200
30122;30122;MABOMBO;108;68;16;1;2;-3,98879700;13,47879200
30123;30123;MABOMBO;108;64;16;1;2;-3,98879700;13,47879200
20251;20251;MABOULOU;601;62;16;1;2;-3,85175000;11,89100000
20252;20252;MABOULOU;601;73;16;1;2;-3,85175000;11,89100000
20253;20253;MABOULOU;601;66;16;1;2;-3,85175000;11,89100000
20011;20011;MADINGO-KAYES ;601;78;16;1;2;-4,43294400;11,70197200
20012;20012;MADINGO-KAYES ;601;69;24;1;3;-4,43294400;11,70197200
20013;20013;MADINGO-KAYES ;601;62;32;1;4;-4,43294400;11,70197200
20014;20014;MADINGO-KAYES ;601;75;16;1;2;-4,43294400;11,70197200
30031;30031;MADINGOU;107;70;32;2;4;-4,16328000;13,55761000
30032;30032;MADINGOU;107;72;32;2;4;-4,16328000;13,55761000
30033;30033;MADINGOU;107;62;32;2;4;-4,16328000;13,55761000
30181;30181;MADINGOU GARE;107;65;24;2;3;-4,11500000;13,32451000
30182;30182;MADINGOU GARE;107;74;24;2;3;-4,11500000;13,32451000
30183;30183;MADINGOU GARE;107;76;24;2;3;-4,11500000;13,32451000
30184;30184;MADINGOU GARE;107;67;24;2;3;-4,11500000;13,32451000
35342;35342;MADZIA;413;64;16;2;2;-4,18502800;14,79750000
35343;35343;MADZIA;413;66;16;2;2;-4,18502800;14,79750000
20121;20121;MAGNE;601;77;16;1;2;-4,15281400;11,92661700
20122;20122;MAGNE;601;79;16;1;2;-4,15281400;11,92661700
20123;20123;MAGNE;601;66;16;1;2;-4,15281400;11,92661700
C00611;611;MAIN BLEUE-1;250;70;60;2;8;-4,29901460;15,25971410
C00613;613;MAIN BLEUE-3;250;68;60;2;8;-4,29901460;15,25971410
C00615;615;MAIN BLEUE-5;250;605;29;2;4;-4,29901460;15,25971410
C00641;641;MAIRIE BRZ-1;200;72;61;2;8;-4,27982760;15,27748780
C00642;642;MAIRIE BRZ-2;200;74;60;2;8;-4,27982760;15,27748780
C00643;643;MAIRIE BRZ-3;200;65;45;2;6;-4,27982760;15,27748780
C01441;1441;MAISONDARRET-1;250;63;60;2;8;-4,28009560;15,26994510
C01442;1442;MAISONDARRET-2;250;71;45;2;6;-4,28009560;15,26994510
C01443;1443;MAISONDARRET-3;250;66;45;2;6;-4,28009560;15,26994510
25021;25021;MAKABANA ;612;72;16;2;2;-3,48566700;12,61966700
25022;25022;MAKABANA ;612;80;16;2;2;-3,48566700;12,61966700
25023;25023;MAKABANA ;612;78;16;2;2;-3,48566700;12,61966700
C00971;971;MAKABANDILOU-1;100;68;61;2;8;-4,14222200;15,29194000
C00972;972;MAKABANDILOU-2;100;72;45;2;6;-4,14222200;15,29194000
C00973;973;MAKABANDILOU-3;100;64;29;2;4;-4,14222200;15,29194000
20301;20301;MAKOLA;109;64;16;1;2;-4,58008600;12,05165000
20302;20302;MAKOLA;109;66;16;1;2;-4,58008600;12,05165000
20303;20303;MAKOLA;109;69;16;1;2;-4,58008600;12,05165000
45111;45111;MAKOTIPOKO;117;63;32;1;4;-1,99633300;16,30863900
45112;45112;MAKOTIPOKO;117;72;16;1;2;-1,99633300;16,30863900
45113;45113;MAKOTIPOKO;117;68;16;1;2;-1,99633300;16,30863900
50030;50030;MAKOUA ;118;74;32;1;4;0,00508300;15,62313900
50031;50031;MAKOUA ;118;63;32;1;4;-0,00508300;15,62313900
50032;50032;MAKOUA ;118;69;32;1;4;-0,00508300;15,62313900
50033;50033;MAKOUA ;118;67;24;1;3;-0,00508300;15,62313900
25321;25321;MALOLO;612;63;16;1;2;-3,81880800;12,54416700
25322;25322;MALOLO;612;68;16;1;2;-3,81880800;12,54416700
25323;25323;MALOLO;612;63;16;1;2;-3,81880800;12,54416700
35421;35421;MALOUKOU TRECHOT;214;71;16;2;2;-4,01523900;15,58298100
35422;35422;MALOUKOU TRECHOT;214;64;16;2;2;-4,01523900;15,58298100
35423;35423;MALOUKOU TRECHOT;214;68;16;2;2;-4,01523900;15,58298100
C00081;81;MAMPASSI-1;200;77;91;2;12;-4,24587110;15,28268810
C00082;82;MAMPASSI-2;200;70;92;2;12;-4,24587110;15,28268810
C00083;83;MAMPASSI-3;200;68;60;2;8;-4,24587110;15,28268810
C00471;471;MANDELA-1;200;63;45;2;6;-4,27131410;15,28134250
C00472;472;MANDELA-2;200;66;45;2;6;-4,27131410;15,28134250
C00473;473;MANDELA-3;200;76;61;2;8;-4,27131410;15,28134250
25431;25431;MANGAKALA;191;;16;1;2;-4,36037200;12,82071400
25432;25432;MANGAKALA;191;;16;1;2;-4,36037200;12,82071400
25433;25433;MANGAKALA;191;;16;1;2;-4,36037200;12,82071400
25301;25301;MANGANDZI;109;72;56;1;7;-4,21352800;12,68680600
25302;25302;MANGANDZI;109;66;48;1;6;-4,21352800;12,68680600
25303;25303;MANGANDZI;109;75;56;1;7;-4,21352800;12,68680600
25304;25304;MANGANDZI;109;0;#N/A;1;#N/A;-4,21352800;12,68680600
25305;25305;MANGANDZI;109;0;#N/A;1;#N/A;-4,21352800;12,68680600
25306;25306;MANGANDZI;109;0;#N/A;1;#N/A;-4,21352800;12,68680600
C00151;151;MANSIMOU-1;300;72;77;2;10;-4,30424210;15,22139170
C00152;152;MANSIMOU-2;300;76;60;2;8;-4,30424210;15,22139170
C00153;153;MANSIMOU-3;300;74;45;2;6;-4,30424210;15,22139170
C00851;851;MARCHAND-1;250;72;45;2;6;-4,27994730;15,25171850
C00852;852;MARCHAND-2;250;76;60;2;8;-4,27994730;15,25171850
C00853;853;MARCHAND-3;250;64;45;2;6;-4,27994730;15,25171850
C01181;1181;MARCHE DE L'OMBRE_1;200;65;57;1;8;-4.2356310;15,23935990
C01182;1182;MARCHE DE L'OMBRE_2;200;69;42;1;6;-4.2356310;15,23935990
C01183;1183;MARCHE DE L'OMBRE_3;200;72;60;1;8;-4.2356310;15,23935990
C35671;35671;MARCHE MBOUONO-1;400;70;28;1;4;-4,36682000;15,14440000
C35672;35672;MARCHE MBOUONO-2;400;72;12;1;2;-4,36682000;15,14440000
C35673;35673;MARCHE MBOUONO-3;400;75;13;1;2;-4,36682000;15,14440000
10681;10681;MARCHEMAKAYABO1;601;79;32;1;4;-4,75852778;11,88430556
10682;10682;MARCHEMAKAYABO2;601;74;24;1;3;-4,75852778;11,88430556
10683;10683;MARCHEMAKAYABO3;601;67;32;1;4;-4,75852778;11,88430556
10684;10684;MARCHEMAKAYABO4;601;596;32;1;4;-4,75852778;11,88430556
10685;10685;MARCHEMAKAYABO5;601;606;32;1;4;-4,75852778;11,88430556
10686;10686;MARCHEMAKAYABO6;601;611;32;1;4;-4,75852778;11,88430556
C00741;741;MARTYRS-1;200;68;60;2;8;-4,25501590;15,27793410
C00742;742;MARTYRS-2;200;77;60;2;8;-4,25501590;15,27793410
C00743;743;MARTYRS-3;200;63;60;2;8;-4,25501590;15,27793410
C00931;931;MASSAMBA-1;250;63;61;2;8;-4,26786760;15,23904900
C00932;932;MASSAMBA-2;250;76;61;2;8;-4,26786760;15,23904900
C00933;933;MASSAMBA-3;250;71;59;2;8;-4,26786760;15,23904900
C00941;941;MASSEDO-1;250;68;60;2;8;-4,28887130;15,25431440
C00942;942;MASSEDO-2;250;71;59;2;8;-4,28887130;15,25431440
C00943;943;MASSEDO-3;250;75;60;2;8;-4,28887130;15,25431440
35321;35321;MASSEMBO LOUBAKI;413;62;16;1;2;-4,25966700;14,58522200
35322;35322;MASSEMBO LOUBAKI;413;69;16;1;2;-4,25966700;14,58522200
35323;35323;MASSEMBO LOUBAKI;413;73;16;2;2;-4,25966700;14,58522200
C00351;351;MASSENGO-1;100;74;29;2;4;-4,17950770;15,27368740
C00352;352;MASSENGO-2;100;63;28;2;4;-4,17950770;15,27368740
C01191;1191;MASSENGO2_1;100;69;29;1;4;-4.1854630;15,26646420
C01192;1192;MASSENGO2_2;100;65;28;1;4;-4.1854630;15,26646420
C01193;1193;MASSENGO2_3;100;71;13;1;2;-4.1854630;15,26646420
C00353;353;MASSENGO-3;100;67;29;2;4;-4,17950770;15,27368740
C01201;1201;MASSINA-1;250;77;74;2;10;-4,27238510;15,22964570
C01202;1202;MASSINA-2;250;74;59;2;8;-4,27238510;15,22964570
C01203;1203;MASSINA-3;250;69;72;2;10;-4,27238510;15,22964570
C00911;911;MASSISSIA-1;300;77;29;3;4;-4,30913070;15,20388790
C00912;912;MASSISSIA-2;300;75;29;2;4;-4,30913070;15,20388790
C00913;913;MASSISSIA-3;300;65;29;2;4;-4,30913070;15,20388790
25281;25281;MATEMBO;109;62;16;1;2;-4,58324700;13,10059200
25282;25282;MATEMBO;109;70;16;1;2;-4,58324700;13,10059200
25283;25283;MATEMBO;109;64;16;1;2;-4,58324700;13,10059200
C00821;821;MATONDO MARKET-1;100;65;56;2;8;-4,20611620;15,28289220
C00822;822;MATONDO MARKET-2;100;71;60;2;8;-4,20611620;15,28289220
C00826;826;MATONDO MARKET-6;100;598;28;2;4;-4,20611620;15,28289220
35331;35331;MATOUMBOU;413;76;16;1;2;-4,26061100;14,71061100
35332;35332;MATOUMBOU;413;65;16;2;2;-4,26061100;14,71061100
35333;35333;MATOUMBOU;413;80;24;2;3;-4,26061100;14,71061100
35441;35441;MATY CENTRE;214;78;16;1;2;-3,68033300;15,83747200
35442;35442;MATY CENTRE;214;80;16;1;2;-3,68033300;15,83747200
35443;35443;MATY CENTRE;214;62;16;1;2;-3,68033300;15,83747200
C00371;371;MAYA MAYA-1;200;64;91;2;12;-4,26322130;15,27288530
C00372;372;MAYA MAYA-2;200;66;60;2;8;-4,26322130;15,27288530
C00373;373;MAYA MAYA-3;200;73;76;2;10;-4,26322130;15,27288530
35461;35461;MAYAMA;413;64;8;1;1;-3,83063600;14,87859700
35462;35462;MAYAMA;413;66;16;1;2;-3,83063600;14,87859700
35463;35463;MAYAMA;413;70;8;1;1;-3,83063600;14,87859700
C01211;1211;MAYANGA QUARTIER LATIN-1;300;68;60;1;8;-4,29207710;15,19919490
C01212;1212;MAYANGA QUARTIER LATIN-2;300;66;45;1;6;-4,29207710;15,19919490
C01213;1213;MAYANGA QUARTIER LATIN-3;300;72;43;1;6;-4,29207710;15,19919490
C00541;541;MAYANGA-1;250;69;28;2;4;-4,27796320;15,19205000
C00542;542;MAYANGA-2;250;67;28;2;4;-4,27796320;15,19205000
C00543;543;MAYANGA-3;250;73;28;2;4;-4,27796320;15,19205000
40041;40041;MAYEYE;108;68;8;1;1;-3,67808300;13,64886100
40042;40042;MAYEYE;108;72;16;1;2;-3,67808300;13,64886100
40043;40043;MAYEYE;108;78;8;1;1;-3,67808300;13,64886100
35401;35401;MAYITOUKOU;413;71;16;1;2;-4,33614200;15,09662800
35402;35402;MAYITOUKOU;413;66;16;1;2;-4,33614200;15,09662800
35403;35403;MAYITOUKOU;413;75;16;1;2;-4,33614200;15,09662800
25161;25161;MAYOKO;612;71;8;1;1;-2,23480600;12,80863900
25162;25162;MAYOKO ;612;73;8;1;1;-2,23480600;12,80863900
25163;25163;MAYOKO ;612;75;8;1;1;-2,23480600;12,80863900
C00691;691;MAZALA-1;100;73;60;2;8;-4,22397570;15,26000120
C00692;692;MAZALA-2;100;67;61;2;8;-4,22397570;15,26000120
C00693;693;MAZALA-3;100;64;60;2;8;-4,22397570;15,26000120
55051;55051;MBAMA;615;62;16;1;2;-0,51422500;14,95379700
55052;55052;MBAMA;615;78;16;1;2;-0,51422500;14,95379700
55053;55053;MBAMA;615;70;16;1;2;-0,51422500;14,95379700
35131;35131;MBANZA NDOUNGA;413;67;16;1;2;-4,51413900;15,01118900
35132;35132;MBANZA NDOUNGA;413;72;16;1;2;-4,51413900;15,01118900
35133;35133;MBANZA NDOUNGA;413;80;16;1;2;-4,51413900;15,01118900
40221;40221;MBAYA;612;63;12;1;2;-3,12158300;13,15094400
40222;40222;MBAYA;612;65;12;1;2;-3,12158300;13,15094400
40223;40223;MBAYA;612;73;12;1;2;-3,12158300;13,15094400
35181;35181;MBE;214;63;16;1;2;-3,30469400;15,89486100
35182;35182;MBE;214;71;16;1;2;-3,30469400;15,89486100
35183;35183;MBE;214;65;16;1;2;-3,30469400;15,89486100
30281;30281;MBEMBE;191;74;16;1;2;-4,18961100;13,67691700
30282;30282;MBEMBE;191;76;16;1;2;-4,18961100;13,67691700
30283;30283;MBEMBE;191;78;16;1;2;-4,18961100;13,67691700
40121;40121;MBILA;108;80;16;1;2;-3,16646400;13,41596400
40122;40122;MBILA;108;67;16;1;2;-3,16646400;13,41596400
40123;40123;MBILA;108;74;16;2;2;-3,16646400;13,41596400
25031;25031;MBINDA ;612;64;16;2;2;-2,11275000;12,87541700
25032;25032;MBINDA ;612;68;16;1;2;-2,11275000;12,87541700
25033;25033;MBINDA ;612;66;8;1;1;-2,11275000;12,87541700
55041;55041;MBOMO;715;65;8;1;1;0,43785100;14,73613000
55042;55042;MBOMO;715;72;16;1;2;0,43785100;14,73613000
55043;55043;MBOMO;715;68;16;1;2;0,43785100;14,73613000
45121;45121;MBON;214;63;8;1;1;-2,00188900;15,14319400
45122;45122;MBON;214;69;16;1;2;-2,00188900;15,14319400
45123;45123;MBON;214;72;8;1;1;-2,00188900;15,14319400
10491;10491;MBONDJI1;901;71;16;1;2;-4,85250000;11,91961111
10492;10492;MBONDJI2;901;73;24;2;3;-4,85250000;11,91961111
10493;10493;MBONDJI3;901;64;24;2;3;-4,85250000;11,91961111
10494;10494;MBONDJI4;901;589;24;1;3;-4,85250000;11,91961111
10495;10495;MBONDJI5;901;593;16;1;2;-4,85250000;11,91961111
10496;10496;MBONDJI6;901;604;16;1;2;-4,85250000;11,91961111
10341;10341;MBOTA1;601;80;32;2;4;-4,78794444;11,89269444
10342;10342;MBOTA2;601;64;24;1;3;-4,78794444;11,89269444
10343;10343;MBOTA3;601;62;32;2;4;-4,78794444;11,89269444
10344;10344;MBOTA4;601;609;32;2;4;-4,78794444;11,89269444
10345;10345;MBOTA5;601;607;32;2;4;-4,78794444;11,89269444
10346;10346;MBOTA6;601;595;24;1;3;-4,78794444;11,89269444
10821;10821;MBOTABISSONGO1;401;63;32;1;4;-4,78777778;11,90725000
10822;10822;MBOTABISSONGO2;401;67;32;1;4;-4,78777778;11,90725000
10823;10823;MBOTABISSONGO3;401;73;32;1;4;-4,78777778;11,90725000
C00281;281;MBOUALE-1;100;69;75;2;10;-4,21582650;15,28288560
C00282;282;MBOUALE-2;100;75;76;2;10;-4,21582650;15,28288560
C00283;283;MBOUALE-3;100;72;76;2;10;-4,21582650;15,28288560
20171;20171;MBOUBISSI;109;71;24;1;3;-4,61210600;12,22881900
20172;20172;MBOUBISSI;109;75;8;1;1;-4,61210600;12,22881900
20173;20173;MBOUBISSI;109;82;24;1;3;-4,61210600;12,22881900
25251;25251;MBOUNDA;612;75;8;1;1;-2,81896100;11,79116100
25252;25252;MBOUNDA;612;68;8;1;1;-2,81896100;11,79116100
25253;25253;MBOUNDA;612;70;16;1;2;-2,81896100;11,79116100
C35171;35171;MBOUONO-1;400;67;28;2;4;-4,31851580;15,18897720
C35172;35172;MBOUONO-2;400;74;29;2;4;-4,31851580;15,18897720
C35173;35173;MBOUONO-3;400;63;28;2;4;-4,31851580;15,18897720
20021;20021;MENGO;109;73;16;1;2;-4,67102800;11,95152800
20022;20022;MENGO;109;81;16;1;2;-4,67102800;11,95152800
20023;20023;MENGO;109;70;16;1;2;-4,67102800;11,95152800
C00671;671;MFILOU GARE-1;250;63;60;2;8;-4,26649670;15,22049520
C00672;672;MFILOU GARE-2;250;76;60;2;8;-4,26649670;15,22049520
C00673;673;MFILOU GARE-3;250;65;44;2;6;-4,26649670;15,22049520
C00721;721;MFILOU LYCEE-1;250;67;43;2;6;-4,25948910;15,22741600
C00722;722;MFILOU LYCEE-2;250;64;45;2;6;-4,25948910;15,22741600
C00723;723;MFILOU LYCEE-3;250;76;43;2;6;-4,25948910;15,22741600
C01031;1031;MFILOU TELEVISION-1;200;70;56;2;8;-4,24093250;15,22990420
C01032;1032;MFILOU TELEVISION-2;200;77;45;2;6;-4,24093250;15,22990420
C01033;1033;MFILOU TELEVISION-3;200;64;45;2;6;-4,24093250;15,22990420
30081;30081;MFOUATI;107;70;16;1;2;-4,38906500;13,78953300
30082;30082;MFOUATI;107;76;8;1;1;-4,38906500;13,78953300
30083;30083;MFOUATI;107;72;16;1;2;-4,38906500;13,78953300
C00781;781;MIADEKA-1;200;65;60;2;8;-4,25215290;15,28457640
C00782;782;MIADEKA-2;200;74;56;2;8;-4,25215290;15,28457640
C00783;783;MIADEKA-3;200;72;60;2;8;-4,25215290;15,28457640
C00161;161;MIKALOU-1;100;74;76;2;10;-4,22215840;15,27566240
C00162;162;MIKALOU-2;100;63;76;2;10;-4,22215840;15,27566240
C00163;163;MIKALOU-3;100;77;61;2;8;-4,22215840;15,27566240
40141;40141;MIKAMBA ;108;65;24;1;3;-3,75644400;13,34691700
40142;40142;MIKAMBA ;108;63;16;1;2;-3,75644400;13,34691700
40143;40143;MIKAMBA ;108;71;16;1;2;-3,75644400;13,34691700
C01511;1511;MIKOULOU5-FEVRIER_1;100;66;29;1;4;-4,21790650;15,26753040
C01512;1512;MIKOULOU5-FEVRIER_2;100;69;29;1;4;-4,21790650;15,26753040
C01513;1513;MIKOULOU5-FEVRIER_3;100;77;29;1;4;-4,21790650;15,26753040
25191;25191;MILA MILA;612;71;16;2;2;-3,72746700;12,47711400
25192;25192;MILA MILA;612;74;16;2;2;-3,72746700;12,47711400
25193;25193;MILA MILA;612;77;16;2;2;-3,72746700;12,47711400
35431;35431;MINDOULI;413;63;32;2;4;-4,27833000;14,35260000
35432;35432;MINDOULI;413;69;24;2;3;-4,27833000;14,35260000
35433;35433;MINDOULI;413;75;32;2;4;-4,27833000;14,35260000
35311;35311;MISSAFOU;413;78;16;1;2;-4,28097200;14,47627800
35312;35312;MISSAFOU;413;67;16;1;2;-4,28097200;14,47627800
35313;35313;MISSAFOU;413;65;16;1;2;-4,28097200;14,47627800
50261;50261;MOHALI;118;75;16;1;2;0,27793330;14,49600000
50262;50262;MOHALI;118;72;16;1;2;0,27793330;14,49600000
50263;50263;MOHALI;118;64;16;1;2;0,27793330;14,49600000
62041;62041;MOKEKO;118;65;16;1;2;1,53246900;15,90528100
62042;62042;MOKEKO;118;68;16;1;2;1,53246900;15,90528100
10481;10481;MONGOKAMBA1;601;71;32;1;4;-4,76472222;11,91163889
10482;10482;MONGOKAMBA2;601;69;24;1;3;-4,76472222;11,91163889
10483;10483;MONGOKAMBA3;601;67;32;1;4;-4,76472222;11,91163889
10484;10484;MONGOKAMBA4;601;601;32;1;4;-4,76472222;11,91163889
10485;10485;MONGOKAMBA5;601;591;32;1;4;-4,76472222;11,91163889
10486;10486;MONGOKAMBA6;601;604;32;1;4;-4,76472222;11,91163889
10931;10931;MONGOLOLI1;601;69;16;1;2;-4,72745800;11,87511400
10932;10932;MONGOLOLI2;601;66;16;1;2;-4,72745800;11,87511400
10933;10933;MONGOLOLI3;601;63;32;1;4;-4,72745800;11,87511400
10421;10421;MONGOPOUKOU1;601;62;16;1;2;-4,71577778;11,86425000
10422;10422;MONGOPOUKOU2;601;71;16;1;2;-4,71577778;11,86425000
10423;10423;MONGOPOUKOU3;601;68;16;1;2;-4,71577778;11,86425000
25061;25061;MONT BELO;109;62;16;1;2;-4,12453000;12,91355000
25062;25062;MONT BELO;109;75;16;1;2;-4,12453000;12,91355000
C01261;1261;MONT BOKIERO-1;100;71;60;2;8;-4,18737130;15,28348260
C01262;1262;MONT BOKIERO-2;100;73;44;2;6;-4,18737130;15,28348260
C01263;1263;MONT BOKIERO-3;100;68;44;2;6;-4,18737130;15,28348260
20231;20231;MONT MBAMBA;109;65;16;1;2;-4,21416700;12,52863900
20232;20232;MONT MBAMBA;109;79;16;1;2;-4,21416700;12,52863900
20233;20233;MONT MBAMBA;109;74;16;1;2;-4,21416700;12,52863900
50051;50051;MOSSAKA;117;68;32;1;4;-1,22451900;16,79663100
50052;50052;MOSSAKA;117;70;32;1;4;-1,22451900;16,79663100
50053;50053;MOSSAKA;117;76;32;1;4;-1,22451900;16,79663100
25040;25040;MOSSENDJO ;612;68;32;1;4;-2,94561100;12,71536100
25041;25041;MOSSENDJO ;612;70;16;1;2;-2,94561100;12,71536100
25042;25042;MOSSENDJO ;612;72;16;1;2;-2,94561100;12,71536100
25043;25043;MOSSENDJO ;612;74;16;1;2;-2,94561100;12,71536100
60081;60081;MOUALE;118;70;8;2;1;3,22200600;17,10380300
60082;60082;MOUALE;118;72;8;2;1;3,22200600;17,10380300
60083;60083;MOUALE;118;65;8;2;1;3,22200600;17,10380300
C00291;291;MOUKOUNDZI NGOUAKA-1;250;73;75;2;10;-4,28561120;15,24430850
C00292;292;MOUKOUNDZI NGOUAKA-2;250;67;75;2;10;-4,28561120;15,24430850
C00293;293;MOUKOUNDZI NGOUAKA-3;250;64;59;2;8;-4,28561120;15,24430850
10354;10354;MOULEMBO4;601;591;32;2;4;-4,79833333;11,89625000
10355;10355;MOULEMBO5;601;598;32;2;4;-4,79833333;11,89625000
10356;10356;MOULEMBO6;601;611;32;2;4;-4,79833333;11,89625000
C00261;261;MOUNGALI-1;200;65;76;2;10;-4,25309280;15,27283380
C00262;262;MOUNGALI-2;200;76;60;2;8;-4,25309280;15,27283380
C00263;263;MOUNGALI-3;200;69;76;2;10;-4,25309280;15,27283380
25131;25131;MOUNGOUNDOU SUD;612;80;16;1;2;-2,61161900;12,66603200
25132;25132;MOUNGOUNDOU SUD;612;62;16;1;2;-2,61161900;12,66603200
25133;25133;MOUNGOUNDOU SUD;612;78;16;1;2;-2,61161900;12,66603200
C01591;1591;MOUSSOSSO-1;300;70;28;1;4;-4,27957060;15,20819850
C01592;1592;MOUSSOSSO-2;300;65;26;1;4;-4,27957060;15,20819850
C01593;1593;MOUSSOSSO-3;300;75;27;1;4;-4,27957060;15,20819850
25151;25151;MOUTAMBA ;612;77;16;1;2;-3,07861100;12,65694400
25152;25152;MOUTAMBA ;612;68;16;1;2;-3,07861100;12,65694400
25153;25153;MOUTAMBA ;612;65;16;1;2;-3,07861100;12,65694400
25331;25331;MOUTEBE ;612;69;8;1;1;-2,75858300;12,68221900
25332;25332;MOUTEBE ;612;62;8;1;1;-2,75858300;12,68221900
25333;25333;MOUTEBE ;612;65;8;1;1;-2,75858300;12,68221900
30131;30131;MOUTELA ;108;67;16;1;2;-4,21291700;13,15572200
30132;30132;MOUTELA ;108;70;16;1;2;-4,21291700;13,15572200
30133;30133;MOUTELA ;108;79;16;1;2;-4,21291700;13,15572200
30061;30061;MOUYONDZI ;107;73;32;2;4;-3,99636100;13,92030500
30062;30062;MOUYONDZI ;107;70;32;2;4;-3,99636100;13,92030500
30063;30063;MOUYONDZI ;107;76;32;2;4;-3,99636100;13,92030500
62121;62121;MOYOYE;118;71;16;1;2;0,82897200;15,50608300
62122;62122;MOYOYE;118;73;16;1;2;0,82897200;15,50608300
62123;62123;MOYOYE;118;64;16;1;2;0,82897200;15,50608300
10061;10061;MPAKAMARKET1;601;72;32;2;4;-4,81627778;11,90877778
10062;10062;MPAKAMARKET2;601;69;24;2;3;-4,81627778;11,90877778
10063;10063;MPAKAMARKET3;601;75;32;2;4;-4,81627778;11,90877778
10064;10064;MPAKAMARKET4;601;592;32;2;4;-4,81627778;11,90877778
10065;10065;MPAKAMARKET5;601;605;32;2;4;-4,81627778;11,90877778
10066;10066;MPAKAMARKET6;601;590;32;2;4;-4,81627778;11,90877778
10831;10831;MPAKAMPOLO1;601;77;32;1;4;-4,81861000;11,90044000
10832;10832;MPAKAMPOLO2;601;71;32;1;4;-4,81861000;11,90044000
10833;10833;MPAKAMPOLO3;601;62;32;1;4;-4,81861000;11,90044000
35631;35631;MPASSA MINES;413;66;16;1;2;-4,37638100;14,15416700
35632;35632;MPASSA MINES;413;74;16;1;2;-4,37638100;14,15416700
35633;35633;MPASSA MINES;413;64;16;1;2;-4,37638100;14,15416700
C00021;21;MPF-1;250;76;59;2;8;-4,27962300;15,26101490
C00022;22;MPF-2;250;71;61;2;8;-4,27962300;15,26101490
C00023;23;MPF-3;250;74;60;2;8;-4,27962300;15,26101490
C00121;121;MPILA-1;200;63;59;2;8;-4,25761410;15,29215340
C00122;122;MPILA-2;200;73;75;2;10;-4,25761410;15,29215340
C00123;123;MPILA-3;200;76;45;2;6;-4,25761410;15,29215340
C00451;451;MPISSA-1;250;73;44;2;6;-4,30376530;15,24707410
C00452;452;MPISSA-2;250;77;60;2;8;-4,30376530;15,24707410
C00453;453;MPISSA-3;250;67;25;2;4;-4,30376530;15,24707410
10191;10191;MPITA1;601;70;32;2;4;-4,80988889;11,85825000
10192;10192;MPITA2;601;66;32;2;4;-4,80988889;11,85825000
10193;10193;MPITA3;601;73;16;1;2;-4,80988889;11,85825000
C45101;45101;MPOUYA-1;213;74;29;1;4;-2,59944400;16,17805000
C45102;45102;MPOUYA-2;213;70;29;1;4;-2,59944400;16,17805000
20051;20051;MVOUTI;109;76;24;2;3;-4,25278900;12,48795300
20052;20052;MVOUTI;109;73;16;1;2;-4,25278900;12,48795300
20053;20053;MVOUTI;109;63;16;1;2;-4,25278900;12,48795300
20271;20271;NCESSI;109;71;16;2;2;-4,47449500;12,49273500
20272;20272;NCESSI;109;63;16;2;2;-4,47449500;12,49273500
20273;20273;NCESSI;109;74;16;2;2;-4,47449500;12,49273500
25261;25261;NDENDE;612;62;16;1;2;-2,95724700;12,02144400
25262;25262;NDENDE;612;76;8;1;1;-2,95724700;12,02144400
25263;25263;NDENDE;612;65;16;1;2;-2,95724700;12,02144400
10071;10071;NDJENO1;501;69;24;2;3;-4,90883100;11,94203100
10072;10072;NDJENO2;501;72;16;2;2;-4,90883100;11,94203100
10073;10073;NDJENO3;501;75;16;2;2;-4,90883100;11,94203100
C35051;35051;NDJIRI-1;100;69;29;1;4;-4,13221900;15,32611000
C35052;35052;NDJIRI-2;100;77;27;1;4;-4,13221900;15,32611000
C35053;35053;NDJIRI-3;100;66;29;1;4;-4,13221900;15,32611000
60171;60171;NDOKI_1;118;75;8;2;1;1,35458200;16,41212700
60172;60172;NDOKI_1;118;69;8;2;1;1,35458200;16,41212700
60173;60173;NDOKI_1;118;67;8;2;1;1,35458200;16,41212700
60181;60181;NDOKI_2;118;69;8;2;1;1,52120100;16,37114700
60182;60182;NDOKI_2;118;64;16;2;2;1,52120100;16,37114700
60183;60183;NDOKI_2;118;72;8;2;1;1,52120100;16,37114700
C01601;1601;NEW BIFOUITI_1;300;70;39;1;6;-4,30243730;15,23443790
C01602;1602;NEW BIFOUITI_2;300;75;45;1;6;-4,30243730;15,23443790
C01603;1603;NEW BIFOUITI_3;300;68;39;1;6;-4,30243730;15,23443790
C01061;1061;NEW BOURREAU_1;300;67;40;1;6;-4,29526330;15,23692610
C01062;1062;NEW BOURREAU_2;300;77;39;1;6;-4,29526330;15,23692610
C01063;1063;NEW BOURREAU_3;300;74;37;1;6;-4,29526330;15,23692610
35621;35621;NEW CASE BARNIER-1;413;64;12;1;2;-4,11007800;15,12050000
35622;35622;NEW CASE BARNIER-2;413;67;12;1;2;-4,11007800;15,12050000
35623;35623;NEW CASE BARNIER-3;413;70;12;1;2;-4,11007800;15,12050000
C01371;1371;NEW CIESPAC-1;100;63;26;1;4;-4,20802780;15,27720640
C01372;1372;NEW CIESPAC-2;100;73;27;1;4;-4,20802780;15,27720640
C01373;1373;NEW CIESPAC-3;100;66;27;1;4;-4,20802780;15,27720640
C01041;1041;NEW MANDELA-1;200;74;60;2;8;-4,26759960;15,27924250
C01042;1042;NEW MANDELA-2;200;68;61;2;8;-4,26759960;15,27924250
C01043;1043;NEW MANDELA-3;200;66;57;2;8;-4,26759960;15,27924250
C01331;1331;NEW MAZALA_1;100;73;56;1;8;-4,22450400;15,24759770
C01332;1332;NEW MAZALA_2;100;66;40;1;6;-4,22450400;15,24759770
C01333;1333;NEW MAZALA_3;100;68;58;1;8;-4,22450400;15,24759770
C01351;1351;NEW MFILOU_1;200;75;41;1;6;-4,24651900;15,22911000
C01352;1352;NEW MFILOU_2;200;71;43;1;6;-4,24651900;15,22911000
C01353;1353;NEW MFILOU_3;200;73;29;1;4;-4,24651900;15,22911000
10841;10841;NEWANDREJACQU1;601;75;16;1;2;-4,72803000;11,90333000
10842;10842;NEWANDREJACQU2;601;72;16;1;2;-4,72803000;11,90333000
10843;10843;NEWANDREJACQU3;601;64;16;1;2;-4,72803000;11,90333000
10851;10851;NEWFOUTA1;501;74;16;1;2;-4,97751100;12,01377000
10852;10852;NEWFOUTA2;501;71;16;1;2;-4,97751100;12,01377000
10853;10853;NEWFOUTA3;501;76;16;1;2;-4,97751100;12,01377000
10861;10861;NEWHQPNR1;601;66;32;1;4;-4,79394000;11,84274000
10862;10862;NEWHQPNR2;601;75;32;1;4;-4,79394000;11,84274000
10863;10863;NEWHQPNR3;601;72;32;1;4;-4,79394000;11,84274000
C01021;1021;NEWKINTELE-1;100;67;45;2;6;-4,14069700;15,34678000
C01022;1022;NEWKINTELE-2;100;73;29;2;4;-4,14069700;15,34678000
C01023;1023;NEWKINTELE-3;100;65;29;2;4;-4,14069700;15,34678000
C35081;35081;NGABE-1;213;70;13;1;2;-3,20666700;16,14333000
C35082;35082;NGABE-2;213;74;28;1;4;-3,20666700;16,14333000
C35083;35083;NGABE-3;213;64;13;1;2;-3,20666700;16,14333000
C00861;861;NGALIFOUROU-1;200;63;60;2;8;-4,23703290;15,27878280
C00862;862;NGALIFOUROU-2;200;70;45;2;6;-4,23703290;15,27878280
C00863;863;NGALIFOUROU-3;200;74;59;2;8;-4,23703290;15,27878280
C01381;1381;NGAMAKOSSO BORDER-1;100;66;29;2;4;-4,19302320;15,30432610
C01382;1382;NGAMAKOSSO BORDER-2;100;63;41;2;6;-4,19302320;15,30432610
C01383;1383;NGAMAKOSSO BORDER-3;100;69;58;2;8;-4,19302320;15,30432610
C00391;391;NGAMAKOSSO-1;100;75;58;2;8;-4,19972710;15,29154870
C00392;392;NGAMAKOSSO-2;100;72;57;2;8;-4,19972710;15,29154870
C00393;393;NGAMAKOSSO-3;100;68;58;2;8;-4,19972710;15,29154870
C01361;1361;NGAMOUKASSA MFILOU-1;250;72;28;2;4;-4,25998740;15,20942020
C01362;1362;NGAMOUKASSA MFILOU-2;250;63;26;2;4;-4,25998740;15,20942020
C01363;1363;NGAMOUKASSA MFILOU-3;250;68;29;2;4;-4,25998740;15,20942020
C45021;45021;NGO-1;213;68;29;1;4;-2,51928000;15,71772000
C45022;45022;NGO-2;213;73;29;1;4;-2,51928000;15,71772000
C45023;45023;NGO-3;213;66;29;1;4;-2,51928000;15,71772000
10311;10311;NGOFO1;601;68;16;1;2;-4,75091667;11,88347222
10312;10312;NGOFO2;601;64;24;1;3;-4,75091667;11,88347222
10313;10313;NGOFO3;601;73;24;1;3;-4,75091667;11,88347222
10314;10314;NGOFO4;601;606;16;1;2;-4,75091667;11,88347222
10315;10315;NGOFO5;601;609;24;1;3;-4,75091667;11,88347222
10316;10316;NGOFO6;601;593;32;1;4;-4,75091667;11,88347222
50161;50161;NGOKO;118;74;16;1;2;-0,56209400;15,41402800
50162;50162;NGOKO;118;68;16;1;2;-0,56209400;15,41402800
50163;50163;NGOKO;118;71;16;1;2;-0,56209400;15,41402800
62021;62021;NGOMBE;118;69;24;1;3;1,43088100;16,18323000
62022;62022;NGOMBE;118;66;24;1;3;1,43088100;16,18323000
62023;62023;NGOMBE;118;71;24;1;3;1,43088100;16,18323000
25201;25201;NGONGO;612;73;16;1;2;-2,66495600;11,61425300
25202;25202;NGONGO;612;77;16;1;2;-2,66495600;11,61425300
25203;25203;NGONGO;612;80;8;1;1;-2,66495600;11,61425300
25171;25171;NGOUA2;812;71;8;1;1;-2,94144700;12,35293100
25172;25172;NGOUA2;812;80;16;1;2;-2,94144700;12,35293100
25173;25173;NGOUA2;812;63;16;1;2;-2,94144700;12,35293100
20281;20281;NGOUDI;191;;16;1;2;-4,02162500;11,55827800
20282;20282;NGOUDI;191;;16;1;2;-4,02162500;11,55827800
20283;20283;NGOUDI;191;;16;1;2;-4,02162500;11,55827800
10181;10181;NGOYO;501;65;16;1;2;-4,84141667;11,90866667
10182;10182;NGOYO;501;77;24;1;3;-4,84141667;11,90866667
10183;10183;NGOYO;501;80;24;1;3;-4,84141667;11,90866667
10184;10184;NGOYO;501;608;32;1;4;-4,84141667;11,90866667
10185;10185;NGOYO;501;592;24;1;3;-4,84141667;11,90866667
10186;10186;NGOYO;501;594;24;1;3;-4,84141667;11,90866667
10181;10181;NGOYO1;901;65;16;1;2;-4,84141667;11,90866667
10182;10182;NGOYO2;901;77;24;2;3;-4,84141667;11,90866667
10881;10881;NGOYO21;901;67;24;1;3;-4,83207000;11,90043000
10882;10882;NGOYO22;901;72;32;1;4;-4,83207000;11,90043000
10883;10883;NGOYO23;901;70;32;1;4;-4,83207000;11,90043000
10183;10183;NGOYO3;901;80;24;2;3;-4,84141667;11,90866667
10184;10184;NGOYO4;901;608;32;2;4;-4,84141667;11,90866667
10185;10185;NGOYO5;901;592;16;1;2;-4,84141667;11,90866667
10186;10186;NGOYO6;901;594;32;2;4;-4,84141667;11,90866667
30010;30010;NKAYI;108;70;24;1;3;-4,18780000;13,28213900
30011;30011;NKAYI;108;66;24;2;3;-4,18780000;13,28213900
30012;30012;NKAYI;108;64;24;2;3;-4,18780000;13,28213900
30013;30013;NKAYI;108;73;16;2;2;-4,18780000;13,28213900
30014;30014;NKAYI;108;605;16;1;2;-4,18780000;13,28213900
30015;30015;NKAYI;108;601;24;2;3;-4,18780000;13,28213900
30016;30016;NKAYI;108;603;24;2;3;-4,18780000;13,28213900
30017;30017;NKAYI;108;589;16;2;2;-4,18780000;13,28213900
30018;30018;NKAYI;108;591;16;2;2;-4,18780000;13,28213900
30151;30151;NKAYI VILLAGE;108;72;40;2;5;-4,17977800;13,28725000
30152;30152;NKAYI VILLAGE;108;74;48;2;6;-4,17977800;13,28725000
30153;30153;NKAYI VILLAGE;108;63;64;2;8;-4,17977800;13,28725000
20141;20141;NKOLA;601;69;16;1;2;-3,95281400;11,64017000
20142;20142;NKOLA;601;71;16;1;2;-3,95281400;11,64017000
20143;20143;NKOLA;601;73;16;1;2;-3,95281400;11,64017000
C01401;1401;NKOMBO MATARI-1;100;69;60;2;8;-4,19303130;15,24475380
C01402;1402;NKOMBO MATARI-2;100;67;45;2;6;-4,19303130;15,24475380
C01403;1403;NKOMBO MATARI-3;100;63;43;2;6;-4,19303130;15,24475380
45231;45231;NKOUA;214;73;16;1;2;-2,35047200;14,45197200
45232;45232;NKOUA;214;64;16;1;2;-2,35047200;14,45197200
45233;45233;NKOUA;214;71;16;1;2;-2,35047200;14,45197200
10521;10521;NKOUIKOU1;601;69;32;1;4;-4,76113889;11,89425000
10522;10522;NKOUIKOU2;601;79;24;1;3;-4,76113889;11,89425000
10523;10523;NKOUIKOU3;601;65;24;1;3;-4,76113889;11,89425000
10524;10524;NKOUIKOU4;601;589;32;1;4;-4,76113889;11,89425000
10525;10525;NKOUIKOU5;601;593;32;1;4;-4,76113889;11,89425000
10526;10526;NKOUIKOU6;601;598;32;1;4;-4,76113889;11,89425000
50091;50091;NTOKOU;305;73;16;1;2;0,01538900;16,32450000
50092;50092;NTOKOU;305;76;16;1;2;0,01538900;16,32450000
35511;35511;NTOMBO MANYANGA;413;74;8;1;1;-4,85304200;14,42195600
35512;35512;NTOMBO MANYANGA;413;62;8;1;1;-4,85304200;14,42195600
35513;35513;NTOMBO MANYANGA;413;68;8;1;1;-4,85304200;14,42195600
25081;25081;NYANGA;612;79;16;1;2;-2,91427800;11,88800600
25082;25082;NYANGA;612;70;16;1;2;-2,91427800;11,88800600
25083;25083;NYANGA;612;74;16;1;2;-2,91427800;11,88800600
20071;20071;NZAMBI ;601;64;8;1;1;-3,95788900;11,28569400
20072;20072;NZAMBI ;601;80;16;1;2;-3,95788900;11,28569400
20073;20073;NZAMBI ;601;66;16;2;2;-3,95788900;11,28569400
10131;10131;NZASSI;501;64;24;1;3;-4,98800000;12,04696900
10132;10132;NZASSI;501;66;24;1;3;-4,98800000;12,04696900
10133;10133;NZASSI;501;73;16;1;2;-4,98800000;12,04696900
10131;10131;NZASSI1;501;64;16;1;2;-4,98800000;12,04696900
10132;10132;NZASSI2;501;66;24;2;3;-4,98800000;12,04696900
10133;10133;NZASSI3;501;73;16;1;2;-4,98800000;12,04696900
35611;35611;NZITA ZOULOU;413;71;8;1;1;-4,45050000;15,08741700
35612;35612;NZITA ZOULOU;413;68;16;1;2;-4,45050000;15,08741700
35613;35613;NZITA ZOULOU;413;65;16;1;2;-4,45050000;15,08741700
25401;25401;NZOUNGOU KIBANGOU;109;62;16;1;2;-4,31533300;12,69975000
25402;25402;NZOUNGOU KIBANGOU;109;70;8;1;1;-4,31533300;12,69975000
25403;25403;NZOUNGOU KIBANGOU;109;74;8;1;1;-4,31533300;12,69975000
50151;50151;OBEYA;118;70;8;1;1;-0,84221900;15,82055800
50152;50152;OBEYA;118;72;8;1;1;-0,84221900;15,82055800
50153;50153;OBEYA;118;67;16;1;2;-0,84221900;15,82055800
50231;50231;OBOUYA;118;75;16;2;2;-0,92708300;15,71752800
50232;50232;OBOUYA;118;64;16;2;2;-0,92708300;15,71752800
50233;50233;OBOUYA;118;62;16;2;2;-0,92708300;15,71752800
C00884;884;OCEAN DU NORD-4;100;611;28;2;4;-4,21999880;15,27391530
C00885;885;OCEAN DU NORD-5;100;607;28;2;4;-4,21999880;15,27391530
C00886;886;OCEAN DU NORD-6;100;592;25;2;4;-4,21999880;15,27391530
C00231;231;OCH BZV-1;200;77;60;3;8;-4,26763200;15,26548860
C00232;232;OCH BZV-2;200;63;60;4;8;-4,26763200;15,26548860
C00233;233;OCH BZV-3;200;65;61;2;8;-4,26763200;15,26548860
10621;10621;OCHMIAMBANZILA1;601;70;32;2;4;-4,79530600;11,87877800
10622;10622;OCHMIAMBANZILA2;601;77;24;1;3;-4,79530600;11,87877800
10623;10623;OCHMIAMBANZILA3;601;80;24;1;3;-4,79530600;11,87877800
10624;10624;OCHMIAMBANZILA4;601;605;32;2;4;-4,79530600;11,87877800
10625;10625;OCHMIAMBANZILA5;601;589;32;2;4;-4,79530600;11,87877800
10626;10626;OCHMIAMBANZILA6;601;611;32;2;4;-4,79530600;11,87877800
50241;50241;ODZAKA;214;76;16;2;2;-0,11680500;15,70006900
50242;50242;ODZAKA;214;64;16;2;2;-0,11680500;15,70006900
50243;50243;ODZAKA;214;62;16;2;2;-0,11680500;15,70006900
C35021;35021;ODZIBA-1;213;77;;1;2;-3,57845000;15,51581000
C35022;35022;ODZIBA-2;213;65;;1;2;-3,57845000;15,51581000
55071;55071;OKIA;117;;16;1;2;-0,79922200;15,23160000
55072;55072;OKIA;117;;16;1;2;-0,79922200;15,23160000
55073;55073;OKIA;117;;16;1;2;-0,79922200;15,23160000
45181;45181;OKIENE;214;80;8;1;1;-3,17373600;16,03328600
45182;45182;OKIENE;214;70;8;1;1;-3,17373600;16,03328600
45183;45183;OKIENE;214;78;8;1;1;-3,17373600;16,03328600
45191;45191;OKIENE NSA;214;75;8;1;1;-2,37714700;15,44699200
45192;45192;OKIENE NSA;214;63;16;1;2;-2,37714700;15,44699200
45193;45193;OKIENE NSA;214;65;8;1;1;-2,37714700;15,44699200
50071;50071;OKOYO;117;75;16;1;2;-1,46275000;15,07086900
50072;50072;OKOYO;117;71;16;1;2;-1,46275000;15,07086900
45061;45061;OLLOMBO;117;71;32;1;4;-1,27167000;15,89233000
45062;45062;OLLOMBO;117;69;32;1;4;-1,27167000;15,89233000
45063;45063;OLLOMBO;117;73;16;1;2;-1,27167000;15,89233000
45361;45361;OMBIMA;117;64;16;1;2;-2,33938900;15,80902800
45362;45362;OMBIMA;117;72;16;1;2;-2,33938900;15,80902800
45363;45363;OMBIMA;117;74;16;1;2;-2,33938900;15,80902800
C00361;361;OMNI SPORT-1;200;75;60;2;8;-4,25162700;15,29043580
C00362;362;OMNI SPORT-2;200;71;59;2;8;-4,25162700;15,29043580
C00363;363;OMNI SPORT-3;200;69;59;2;8;-4,25162700;15,29043580
C00551;551;OMS2-1;300;64;45;2;6;-4,30084990;15,20285700
C00552;552;OMS2-2;300;71;45;2;6;-4,30084990;15,20285700
C00553;553;OMS2-3;300;74;61;2;8;-4,30084990;15,20285700
45091;45091;ONGONY;117;76;32;1;4;-1,59363900;16,00572000
45092;45092;ONGONY;117;72;16;1;2;-1,59363900;16,00572000
45093;45093;ONGONY;117;70;16;1;2;-1,59363900;16,00572000
C01411;1411;OROSTOM-1;250;69;43;2;6;-4,28073070;15,24159910
C01412;1412;OROSTOM-2;250;72;55;2;8;-4,28073070;15,24159910
C01413;1413;OROSTOM-3;250;74;41;2;6;-4,28073070;15,24159910
C00341;341;ORSY-1;200;74;60;2;8;-4,26696540;15,28703880
C00342;342;ORSY-2;200;67;61;2;8;-4,26696540;15,28703880
C00343;343;ORSY-3;200;71;60;2;8;-4,26696540;15,28703880
50221;50221;OTSENDE;118;62;8;1;1;-1,00741700;15,82011100
50222;50222;OTSENDE;118;69;8;1;1;-1,00741700;15,82011100
50223;50223;OTSENDE;118;76;16;1;2;-1,00741700;15,82011100
40111;40111;OUANZI;108;64;8;1;1;-3,48138900;13,29016700
40112;40112;OUANZI;108;62;16;1;2;-3,48138900;13,29016700
40113;40113;OUANZI;108;66;8;1;1;-3,48138900;13,29016700
C00331;331;OUENZE_2-1;200;65;59;2;8;-4,24157190;15,28158280
C00332;332;OUENZE_2-2;200;74;60;2;8;-4,24157190;15,28158280
C00333;333;OUENZE_2-3;200;67;60;2;8;-4,24157190;15,28158280
C00051;51;OUENZE_753-1;200;66;76;2;10;-4,23984620;15,28876970
C00052;52;OUENZE_753-2;200;71;60;2;8;-4,23984620;15,28876970
C00053;53;OUENZE_753-3;200;73;59;2;8;-4,23984620;15,28876970
62151;62151;OUESSO AEROPORT;118;63;12;1;2;-1,63027778;16,04755556
62152;62152;OUESSO AEROPORT;118;67;12;1;2;-1,63027778;16,04755556
62153;62153;OUESSO AEROPORT;118;72;12;1;2;-1,63027778;16,04755556
62061;62061;OUESSO FAISCEAUX;118;65;32;2;4;1,61561100;16,05541700
62062;62062;OUESSO FAISCEAUX;118;71;24;1;3;1,61561100;16,05541700
62063;62063;OUESSO FAISCEAUX;118;73;24;1;3;1,61561100;16,05541700
62067;62067;OUESSO FAISCEAUX;118;589;32;2;4;1,61561100;16,05541700
62068;62068;OUESSO FAISCEAUX;118;591;32;2;4;1,61561100;16,05541700
62069;62069;OUESSO FAISCEAUX;118;593;32;2;4;1,61561100;16,05541700
62130;62130;OUESSO MBILA;118;67;16;2;2;1,20713900;15,79405600
62011;62011;OUESSO MBOMA;118;64;24;1;3;1,60403100;16,03841900
62012;62012;OUESSO MBOMA;118;77;24;1;3;1,60403100;16,03841900
50021;50021;OWANDO;118;74;32;2;4;-0,48412000;15,90191000
50022;50022;OWANDO;118;76;32;2;4;-0,48412000;15,90191000
50023;50023;OWANDO;118;80;32;2;4;-0,48412000;15,90191000
50024;50024;OWANDO;118;605;16;2;2;-0,48412000;15,90191000
50025;50025;OWANDO;118;596;16;2;2;-0,48412000;15,90191000
50026;50026;OWANDO;118;591;16;2;2;-0,48412000;15,90191000
50010;50010;OYO;117;70;32;2;4;-1,16378100;15,96903000
50011;50011;OYO;117;64;32;1;4;-1,16378100;15,96903000
50012;50012;OYO;117;62;32;2;4;-1,16378100;15,96903000
50013;50013;OYO;117;75;32;2;4;-1,16378100;15,96903000
50014;50014;OYO;117;595;32;2;4;-1,16378100;15,96903000
50015;50015;OYO;117;597;32;2;4;-1,16378100;15,96903000
50016;50016;OYO;117;599;32;2;4;-1,16378100;15,96903000
10361;10361;PATRA1;901;65;32;2;4;-4,82213889;11,92055556
10362;10362;PATRA2;901;70;24;2;3;-4,82213889;11,92055556
10363;10363;PATRA3;901;67;32;2;4;-4,82213889;11,92055556
10364;10364;PATRA4;901;591;16;1;2;-4,82213889;11,92055556
10365;10365;PATRA5;901;594;16;1;2;-4,82213889;11,92055556
10366;10366;PATRA6;901;596;32;2;4;-4,82213889;11,92055556
C01341;1341;PETIT CHOSE MTN-1;100;71;60;1;8;-4,21134660;15,29268260
C01342;1342;PETIT CHOSE MTN-2;100;73;59;1;8;-4,21134660;15,29268260
C01343;1343;PETIT CHOSE MTN-3;100;76;59;1;8;-4,21134660;15,29268260
C01431;1431;PHARMACIE MOUKONDO-1;200;64;57;1;8;-4,23380660;15,26712890
C01432;1432;PHARMACIE MOUKONDO-2;200;75;59;1;8;-4,23380660;15,26712890
C01433;1433;PHARMACIE MOUKONDO-3;200;71;53;1;8;-4,23380660;15,26712890
30161;30161;PIKA SONGO;108;73;8;1;1;-3,97936400;13,12363300
30162;30162;PIKA SONGO;108;71;16;1;2;-3,97936400;13,12363300
30163;30163;PIKA SONGO;108;69;16;1;2;-3,97936400;13,12363300
62101;62101;PIKOUNDA;111;62;16;1;2;0,54541900;16,63778200
62102;62102;PIKOUNDA;111;64;16;1;2;0,54541900;16,63778200
62103;62103;PIKOUNDA;111;66;16;1;2;0,54541900;16,63778200
25051;25051;PK106 ;612;64;16;1;2;-3,38150000;12,64597200
25052;25052;PK106 ;612;66;16;1;2;-3,38150000;12,64597200
25053;25053;PK106 ;612;62;24;1;3;-3,38150000;12,64597200
27311;27311;PK192 ;612;79;8;1;1;-2,34863900;12,77211100
27312;27312;PK192 ;612;67;8;1;1;-2,34863900;12,77211100
27313;27313;PK192 ;612;65;8;1;1;-2,34863900;12,77211100
C35031;35031;PK45-1;214;69;;1;2;-3,98998000;15,37764000
C35032;35032;PK45-2;214;66;;1;4;-3,98998000;15,37764000
C00031;31;PLATEAU-1;200;63;61;2;8;-4,25777390;15,26725480
C00032;32;PLATEAU-2;200;76;60;2;8;-4,25777390;15,26725480
C00033;33;PLATEAU-3;200;72;61;2;8;-4,25777390;15,26725480
10271;10271;PLATEAUDEHINDA1;601;65;32;1;4;-4,75263889;11,90933333
10272;10272;PLATEAUDEHINDA2;601;64;24;1;3;-4,75263889;11,90933333
10273;10273;PLATEAUDEHINDA3;601;68;24;1;3;-4,75263889;11,90933333
C01221;1221;POINTE HOLANDAISE POTOPOTO-1;200;64;27;2;4;-4,25995870;15,28881260
C01222;1222;POINTE HOLANDAISE POTOPOTO-2;200;75;25;2;4;-4,25995870;15,28881260
C01223;1223;POINTE HOLANDAISE POTOPOTO-3;200;67;27;2;4;-4,25995870;15,28881260
62030;62030;POKOLA;118;74;32;2;4;1,40416100;16,32033100
62031;62031;POKOLA;118;79;32;2;4;1,40416100;16,32033100
62032;62032;POKOLA;118;70;32;2;4;1,40416100;16,32033100
10151;10151;PORT1;601;80;24;1;3;-4,78718900;11,82478100
10152;10152;PORT2;601;74;24;1;3;-4,78718900;11,82478100
10154;10154;PORT4;601;609;32;1;4;-4,78718900;11,82478100
10155;10155;PORT5;601;601;24;1;3;-4,78718900;11,82478100
10581;10581;POUDRIEREMPAKA1;901;70;32;2;4;-4,80991667;11,89361111
10582;10582;POUDRIEREMPAKA2;901;66;24;1;3;-4,80991667;11,89361111
10583;10583;POUDRIEREMPAKA3;901;78;32;2;4;-4,80991667;11,89361111
10584;10584;POUDRIEREMPAKA4;901;601;32;2;4;-4,80991667;11,89361111
10585;10585;POUDRIEREMPAKA5;901;606;32;2;4;-4,80991667;11,89361111
10586;10586;POUDRIEREMPAKA6;901;592;24;2;3;-4,80991667;11,89361111
C00761;761;POUMA-1;100;64;29;2;4;-4.2007360;15,26793380
C00762;762;POUMA-2;100;71;29;2;4;-4.2007360;15,26793380
C00763;763;POUMA-3;100;74;29;2;4;-4.2007360;15,26793380
C00871;871;PSP MIKALOU-1;100;63;59;2;8;-4,22716810;15,27876190
C00872;872;PSP MIKALOU-2;100;69;59;2;8;-4,22716810;15,27876190
C00873;873;PSP MIKALOU-3;100;67;60;2;8;-4,22716810;15,27876190
10891;10891;PUMANGOYO1;901;75;16;1;2;-4,85297200;11,89386100
10892;10892;PUMANGOYO2;901;67;16;1;2;-4,85297200;11,89386100
10893;10893;PUMANGOYO3;901;73;16;1;2;-4,85297200;11,89386100
10301;10301;QTMOUYONDZI1;401;66;32;2;4;-4,80077778;11,88675000
10302;10302;QTMOUYONDZI2;401;69;24;2;3;-4,80077778;11,88675000
10303;10303;QTMOUYONDZI3;401;79;24;2;3;-4,80077778;11,88675000
10304;10304;QTMOUYONDZI4;401;610;24;2;3;-4,80077778;11,88675000
10305;10305;QTMOUYONDZI5;401;589;32;2;4;-4,80077778;11,88675000
10306;10306;QTMOUYONDZI6;401;597;24;2;3;-4,80077778;11,88675000
10261;10261;QTSICTCHITCHEL1;601;63;24;1;3;-4,78686111;11,86308333
10262;10262;QTSICTCHITCHEL2;601;70;24;1;3;-4,78686111;11,86308333
10263;10263;QTSICTCHITCHEL3;601;76;24;1;3;-4,78686111;11,86308333
10264;10264;QTSICTCHITCHEL4;601;598;16;1;2;-4,78686111;11,86308333
10265;10265;QTSICTCHITCHEL5;601;604;16;1;2;-4,78686111;11,86308333
10266;10266;QTSICTCHITCHEL6;601;602;24;1;3;-4,78686111;11,86308333
10561;10561;QUARTIER81;901;75;32;2;4;-4,80869444;11,92061111
10562;10562;QUARTIER82;901;73;24;2;3;-4,80869444;11,92061111
10563;10563;QUARTIER83;901;64;24;1;3;-4,80869444;11,92061111
10564;10564;QUARTIER84;901;594;32;2;4;-4,80869444;11,92061111
10565;10565;QUARTIER85;901;590;32;1;4;-4,80869444;11,92061111
10566;10566;QUARTIER86;901;611;32;2;4;-4,80869444;11,92061111
10541;10547;QUARTIERLATINA;601;74;24;1;3;-4,76902800;11,86544400
10542;10548;QUARTIERLATINB;601;63;24;1;3;-4,76902800;11,86544400
10543;10549;QUARTIERLATINC;601;77;24;1;3;-4,76902800;11,86544400
10091;10091;QUARTIERREX1;601;67;32;1;4;-4,78730556;11,87550000
10092;10092;QUARTIERREX2;601;76;24;1;3;-4,78730556;11,87550000
10093;10093;QUARTIERREX3;601;69;32;1;4;-4,78730556;11,87550000
10094;10094;QUARTIERREX4;601;593;40;1;5;-4,78730556;11,87550000
10095;10095;QUARTIERREX5;601;598;24;1;3;-4,78730556;11,87550000
10096;10096;QUARTIERREX6;601;610;16;1;2;-4,78730556;11,87550000
10901;10901;RAFFINERIE1;601;78;32;TRX is not created to be autoconfigured (N);4;-4,72375000;11,84694000
10902;10902;RAFFINERIE2;601;64;32;TRX is not created to be autoconfigured (N);4;-4,72375000;11,84694000
10903;10903;RAFFINERIE3;601;72;32;TRX is not created to be autoconfigured (N);4;-4,72375000;11,84694000
10401;10407;RONDPOINTDAVOUA;601;69;24;1;3;-4,79933300;11,85844400
10402;10408;RONDPOINTDAVOUB;601;65;24;1;3;-4,79933300;11,85844400
10403;10409;RONDPOINTDAVOUC;601;74;16;1;2;-4,79933300;11,85844400
10111;10717;ROYA;601;65;24;1;3;-4,78327800;11,87297200
10112;10718;ROYB;601;75;24;1;3;-4,78327800;11,87297200
10113;10719;ROYC;601;71;24;1;3;-4,78327800;11,87297200
C01451;1451;RUE NKOUYOU CASE CHE_1;200;70;45;2;6;-4,25757270;15,28426240
C01452;1452;RUE NKOUYOU CASE CHE_2;200;64;45;2;6;-4,25757270;15,28426240
C01453;1453;RUE NKOUYOU CASE CHE_3;200;66;45;2;6;-4,25757270;15,28426240
C00711;711;SADELMI-1;100;75;44;2;6;-4,22425650;15,23837090
C00712;712;SADELMI-2;100;76;28;2;4;-4,22425650;15,23837090
C00713;713;SADELMI-3;100;71;60;2;8;-4,22425650;15,23837090
C00891;891;SAINT JACQUES-1;200;72;45;2;6;-4,27428670;15,27175520
C00892;892;SAINT JACQUES-2;200;64;44;2;6;-4,27428670;15,27175520
C00893;893;SAINT JACQUES-3;200;69;45;3;6;-4,27428670;15,27175520
C00101;101;SAINT PIERRE CLAVER-1;250;72;76;2;10;-4,29658370;15,24755380
C00102;102;SAINT PIERRE CLAVER-2;250;65;57;2;8;-4,29658370;15,24755380
C00103;103;SAINT PIERRE CLAVER-3;250;70;60;2;8;-4,29658370;15,24755380
10331;10337;SAINTEBERNADETA;601;76;32;1;4;-4,78015000;11,87629500
10332;10338;SAINTEBERNADETB;601;69;24;1;3;-4,78015000;11,87629500
10333;10339;SAINTEBERNADETC;601;64;32;1;4;-4,78015000;11,87629500
10111;10117;SAINTKISITOA;601;70;24;1;3;-4,76797000;11,88297000
10112;10118;SAINTKISITOB;601;73;24;1;3;-4,76797000;11,88297000
10113;10119;SAINTKISITOC;601;78;24;1;3;-4,76797000;11,88297000
C01471;1471;SALLE ROYAUME TEMOIN JEOVAH BACONGO-1;250;66;60;1;8;-4,30003600;15,25188450
C01472;1472;SALLE ROYAUME TEMOIN JEOVAH BACONGO-2;250;75;44;1;6;-4,30003600;15,25188450
C01473;1473;SALLE ROYAUME TEMOIN JEOVAH BACONGO-3;250;77;60;1;8;-4,30003600;15,25188450
30191;30191;SARIS;108;62;5;2;1;-4,20349700;13,17446100
30192;30191;SARIS;108;68;5;2;1;-4,20349700;13,17446100
30193;30191;SARIS;108;72;12;2;2;-4,20349700;13,17446100
10321;10387;SDV;601;67;32;2;4;-4,79483300;11,83644400
10322;10388;SDV;601;67;32;2;4;-4,79483300;11,83644400
10323;10389;SDV;601;67;32;2;4;-4,79483300;11,83644400
10324;10387;SDV;601;67;16;2;2;-4,79483300;11,83644400
10325;10388;SDV;601;67;24;2;3;-4,79483300;11,83644400
10326;10389;SDV;601;67;32;2;4;-4,79483300;11,83644400
62071;62071;SEMBE ;716;65;16;1;2;1,66205600;14,55965300
62072;62072;SEMBE ;716;69;16;1;2;1,66205600;14,55965300
62073;62073;SEMBE ;716;79;8;1;1;1,66205600;14,55965300
10121;10121;SIAFOUMOU1;601;76;32;1;4;-4,73866667;11,86022222
10122;10122;SIAFOUMOU2;601;62;24;1;3;-4,73866667;11,86022222
10123;10123;SIAFOUMOU3;601;70;32;1;4;-4,73866667;11,86022222
10124;10124;SIAFOUMOU4;601;590;24;1;3;-4,73866667;11,86022222
10125;10125;SIAFOUMOU5;601;599;32;1;4;-4,73866667;11,86022222
10126;10126;SIAFOUMOU6;601;601;24;1;3;-4,73866667;11,86022222
40161;40161;SIBITI  CTR ;108;;32;1;4;-3,68744400;13,34522200
40162;40162;SIBITI  CTR ;108;;32;1;4;-3,68744400;13,34522200
40163;40163;SIBITI  CTR ;108;;32;1;4;-3,68744400;13,34522200
40164;40164;SIBITI  CTR ;108;;24;1;3;-3,68744400;13,34522200
10571;10571;SNPC1;601;62;32;1;4;-4,79891667;11,84691667
10572;10572;SNPC2;601;78;32;1;4;-4,79891667;11,84691667
10573;10573;SNPC3;601;73;24;1;3;-4,79891667;11,84691667
10574;10574;SNPC4;601;593;32;1;4;-4,79891667;11,84691667
10575;10575;SNPC5;601;598;32;1;4;-4,79891667;11,84691667
10576;10576;SNPC6;601;608;32;1;4;-4,79891667;11,84691667
45171;45171;SOFIA;117;;24;2;3;-1,32100000;15,87316700
45172;45172;SOFIA;117;;24;2;3;-1,32100000;15,87316700
45173;45173;SOFIA;117;;32;2;4;-1,32100000;15,87316700
C00241;241;SONACO-1;400;76;61;2;8;-4,23318670;15,25664710
C00242;242;SONACO-2;400;63;60;2;8;-4,23318670;15,25664710
C00243;243;SONACO-3;400;69;60;2;8;-4,23318670;15,25664710
10651;10657;SONGOLOA;601;75;32;1;4;-4,76647200;11,85886100
10652;10658;SONGOLOB;601;67;24;1;3;-4,76647200;11,85886100
10653;10659;SONGOLOC;601;65;24;1;3;-4,76647200;11,85886100
10911;10911;SONGOLORSM1;601;74;32;TRX is not created to be autoconfigured (N);4;-4,75570000;11,85566000
10912;10912;SONGOLORSM2;601;64;32;TRX is not created to be autoconfigured (N);4;-4,75570000;11,85566000
10913;10913;SONGOLORSM3;601;68;32;TRX is not created to be autoconfigured (N);4;-4,75570000;11,85566000
62081;62081;SOUANKE;131;71;16;1;2;2,05455600;14,14141100
62082;62082;SOUANKE;131;610;8;1;1;2,05455600;14,14141100
62083;62083;SOUANKE;131;589;16;1;2;2,05455600;14,14141100
C00011;11;SPOR AFRIC-1;200;70;60;2;8;-4,27216630;15,28691290
C00012;12;SPOR AFRIC-2;200;75;60;2;8;-4,27216630;15,28691290
C00013;13;SPOR AFRIC-3;200;65;60;2;8;-4,27216630;15,28691290
C01481;1481;STADE MTN-1;250;72;28;2;4;-4,27070240;15,25465200
C01482;1482;STADE MTN-2;250;67;28;2;4;-4,27070240;15,25465200
C01483;1483;STADE MTN-3;250;64;27;2;4;-4,27070240;15,25465200
10201;10207;STADUIMA;601;69;32;1;4;-4,77660000;11,86694700
10202;10208;STADUIMB;601;72;24;1;3;-4,77660000;11,86694700
10203;10209;STADUIMC;601;66;24;1;3;-4,77660000;11,86694700
C00921;921;STICH BRAZZA-1;200;77;44;2;6;-4,26395890;15,29714200
C00922;922;STICH BRAZZA-2;200;66;61;2;8;-4,26395890;15,29714200
C00923;923;STICH BRAZZA-3;200;68;60;2;8;-4,26395890;15,29714200
10221;10221;SUECO1;601;79;24;1;3;-4,79210000;11,85761700
10222;10222;SUECO2;601;66;24;1;3;-4,79210000;11,85761700
10223;10223;SUECO3;601;71;32;1;4;-4,79210000;11,85761700
10224;10224;SUECO4;601;611;16;1;2;-4,79210000;11,85761700
10225;10225;SUECO5;601;596;32;1;4;-4,79210000;11,85761700
10226;10226;SUECO6;601;607;24;1;3;-4,79210000;11,85761700
10431;10431;TCHIALI1;601;75;32;1;4;-4,74438889;11,87269444
10432;10432;TCHIALI2;601;72;24;1;3;-4,74438889;11,87269444
10433;10433;TCHIALI3;601;80;24;1;3;-4,74438889;11,87269444
10434;10434;TCHIALI4;601;611;16;1;2;-4,74438889;11,87269444
10435;10435;TCHIALI5;601;590;16;1;2;-4,74438889;11,87269444
10436;10436;TCHIALI6;601;592;24;1;3;-4,74438889;11,87269444
20101;20101;TCHIKANOU;109;63;16;1;2;-4,51100000;12,08413900
20102;20102;TCHIKANOU;109;595;16;1;2;-4,51100000;12,08413900
20103;20103;TCHIKANOU;109;611;24;2;3;-4,51100000;12,08413900
20311;20311;TCHIKANOU OIL;109;63;24;2;3;-4,51252778;12,05908333
20312;20312;TCHIKANOU OIL;109;67;24;2;3;-4,51252778;12,05908333
20313;20313;TCHIKANOU OIL;109;73;24;2;3;-4,51252778;12,05908333
50111;50111;TCHIKAPIKA;117;605;8;1;1;-1,25297200;16,17104400
50112;50112;TCHIKAPIKA;117;65;16;1;2;-1,25297200;16,17104400
50113;50113;TCHIKAPIKA;117;69;8;1;1;-1,25297200;16,17104400
10171;10171;TCHIMANI1;901;69;16;1;2;-4,82630556;11,89261111
10172;10172;TCHIMANI2;901;63;16;1;2;-4,82630556;11,89261111
10173;10173;TCHIMANI3;901;76;24;2;3;-4,82630556;11,89261111
10174;10174;TCHIMANI4;901;612;16;1;2;-4,82630556;11,89261111
10175;10175;TCHIMANI5;901;591;24;2;3;-4,82630556;11,89261111
10176;10176;TCHIMANI6;901;593;16;1;2;-4,82630556;11,89261111
10591;10591;TCHIMBAMBOUKA1;901;79;24;2;3;-4,82813889;11,90863889
10592;10592;TCHIMBAMBOUKA2;901;76;24;2;3;-4,82813889;11,90863889
10593;10593;TCHIMBAMBOUKA3;901;74;24;2;3;-4,82813889;11,90863889
10594;10594;TCHIMBAMBOUKA4;901;609;32;2;4;-4,82813889;11,90863889
10595;10595;TCHIMBAMBOUKA5;901;597;24;1;3;-4,82813889;11,90863889
10596;10596;TCHIMBAMBOUKA6;901;601;24;1;3;-4,82813889;11,90863889
10701;10707;TCHINIAMBI1A;601;66;32;1;4;-4,77763900;11,88700000
10702;10708;TCHINIAMBI1B;601;75;24;1;3;-4,77763900;11,88700000
10703;10709;TCHINIAMBI1C;601;71;32;1;4;-4,77763900;11,88700000
10671;10671;TCHINIAMBI21;601;75;32;1;4;-4,76680556;11,89338889
10672;10672;TCHINIAMBI22;601;77;24;1;3;-4,76680556;11,89338889
10673;10673;TCHINIAMBI23;601;63;32;1;4;-4,76680556;11,89338889
10674;10674;TCHINIAMBI24;601;612;32;1;4;-4,76680556;11,89338889
10675;10675;TCHINIAMBI25;601;589;32;1;4;-4,76680556;11,89338889
10676;10676;TCHINIAMBI26;601;596;32;1;4;-4,76680556;11,89338889
20201;20201;TCHISSANGA;601;;16;1;2;-4,53832800;11,80076400
20202;20202;TCHISSANGA;601;;16;1;2;-4,53832800;11,80076400
20203;20203;TCHISSANGA;601;78;16;1;2;-4,53832800;11,80076400
20221;20221;TCHITANZI;501;67;16;1;2;-4,92333300;12,09783300
20222;20222;TCHITANZI;501;65;16;1;2;-4,92333300;12,09783300
20223;20223;TCHITANZI;501;589;16;1;2;-4,92333300;12,09783300
20091;20091;TCHITONDI;109;601;8;1;1;-4,52880500;12,10074200
20092;20092;TCHITONDI;109;610;16;1;2;-4,52880500;12,10074200
20093;20093;TCHITONDI;109;64;16;2;2;-4,52880500;12,10074200
20151;20151;TCHIZALAMOU;601;68;16;1;2;-4,28221100;11,66405300
20152;20152;TCHIZALAMOU;601;67;16;1;2;-4,28221100;11,66405300
20153;20153;TCHIZALAMOU;601;63;8;1;1;-4,28221100;11,66405300
C00571;571;TELEVISION-1;100;76;60;2;8;-4,19207240;15,25493140
C00572;572;TELEVISION-2;100;66;60;2;8;-4,19207240;15,25493140
C00573;573;TELEVISION-3;100;72;60;2;8;-4,19207240;15,25493140
C00411;411;TERMINUS-1;100;70;59;2;8;-4,21754260;15,27294830
C00412;412;TERMINUS-2;100;75;60;2;8;-4,21754260;15,27294830
C00413;413;TERMINUS-3;100;67;60;2;8;-4,21754260;15,27294830
10731;10731;TERRAINMAKAYAB1;601;65;24;1;3;-4,75278000;11,87207000
10732;10732;TERRAINMAKAYAB2;601;77;24;1;3;-4,75278000;11,87207000
10733;10733;TERRAINMAKAYAB3;601;63;24;1;3;-4,75278000;11,87207000
10734;10734;TERRAINMAKAYAB4;601;589;24;1;3;-4,75278000;11,87207000
10735;10735;TERRAINMAKAYAB5;601;592;24;1;3;-4,75278000;11,87207000
10736;10736;TERRAINMAKAYAB6;601;596;24;1;3;-4,75278000;11,87207000
C00141;141;TEXACO-1;200;75;58;2;8;-4,23264360;15,28052900
C00142;142;TEXACO-2;200;77;59;2;8;-4,23264360;15,28052900
C00143;143;TEXACO-3;200;65;60;2;8;-4,23264360;15,28052900
10081;10081;TIETIEG81;901;78;24;1;3;-4,79472222;11,89236111
10082;10082;TIETIEG82;901;72;24;1;3;-4,79472222;11,89236111
10083;10083;TIETIEG83;901;68;32;2;4;-4,79472222;11,89236111
10084;10084;TIETIEG84;901;596;32;2;4;-4,79472222;11,89236111
10085;10085;TIETIEG85;901;602;32;2;4;-4,79472222;11,89236111
10086;10086;TIETIEG86;901;604;32;2;4;-4,79472222;11,89236111
50251;50251;TONGO ;117;80;8;1;1;-1,39129200;16,30558900
50252;50252;TONGO ;117;67;8;1;1;-1,39129200;16,30558900
50253;50253;TONGO ;117;75;16;1;2;-1,39129200;16,30558900
40171;40171;TONGO LEKOUMOU;107;68;16;2;2;-3,20031000;13,81552800
40172;40172;TONGO LEKOUMOU;107;71;16;2;2;-3,20031000;13,81552800
40173;40173;TONGO LEKOUMOU;107;75;16;2;2;-3,20031000;13,81552800
C01071;1071;TRESOR PUBLIC_1;200;64;149;2;19;-4,27170040;15,28881930
C01072;1072;TRESOR PUBLIC_2;200;66;149;2;19;-4,27170040;15,28881930
C01073;1073;TRESOR PUBLIC_3;200;72;149;2;19;-4,27170040;15,28881930
C01091;1091;TRIBUNAL POTOPOTO-1;200;63;59;2;8;-4,26029350;15,28012080
C01092;1092;TRIBUNAL POTOPOTO-2;200;76;60;2;8;-4,26029350;15,28012080
C01093;1093;TRIBUNAL POTOPOTO-3;200;70;59;2;8;-4,26029350;15,28012080
C01491;1491;TSELAMPO-1;100;70;44;2;6;-4,13886100;15,21886000
C01492;1492;TSELAMPO-2;100;76;13;2;2;-4,13886100;15,21886000
C01493;1493;TSELAMPO-3;100;67;13;2;2;-4,13886100;15,21886000
30111;30111;TSIAKI;107;63;16;1;2;-3,77150300;13,87037500
30112;30112;TSIAKI;107;80;16;1;2;-3,77150300;13,87037500
30113;30113;TSIAKI;107;82;16;1;2;-3,77150300;13,87037500
25311;25311;TSILA;109;64;40;2;5;-4,18283300;12,66766700
25312;25312;TSILA;109;76;56;2;7;-4,18283300;12,66766700
25313;25313;TSILA;109;62;48;2;6;-4,18283300;12,66766700
25319;25319;TSILA;109;66;32;2;4;-4,18283300;12,66766700
25211;25211;TSINGUIDI;612;80;16;1;2;-2,42400300;12,77051000
25212;25212;TSINGUIDI;612;69;8;1;1;-2,42400300;12,77051000
25213;25213;TSINGUIDI;612;82;8;1;1;-2,42400300;12,77051000
10941;10941;VACHEREAU1;901;75;32;1;4;-4,82761100;11,87011100
10942;10942;VACHEREAU2;901;65;32;1;4;-4,82761100;11,87011100
10943;10943;VACHEREAU3;901;79;32;1;4;-4,82761100;11,87011100
55091;55091;VAGA;118;;16;1;2;1,18253100;14,58410000
55092;55092;VAGA;118;;16;1;2;1,18253100;14,58410000
55093;55093;VAGA;118;;16;1;2;1,18253100;14,58410000
10771;10771;VINDOULOU1;601;63;32;1;4;-4,72370700;11,92639700
10772;10772;VINDOULOU2;601;70;32;1;4;-4,72370700;11,92639700
10773;10773;VINDOULOU3;601;67;32;1;4;-4,72370700;11,92639700
35161;35161;VINZA;107;71;16;1;2;-3,43130600;14,53063900
35162;35162;VINZA;107;69;8;1;1;-3,43130600;14,53063900
35163;35163;VINZA;107;73;8;1;1;-3,43130600;14,53063900
C00531;531;VIRAGE-1;100;74;61;2;8;-4,22781560;15,29429910
C00532;532;VIRAGE-2;100;70;59;2;8;-4,22781560;15,29429910
C00533;533;VIRAGE-3;100;65;76;2;10;-4,22781560;15,29429910
35681;35681;VOKA;413;;16;1;2;-4,66980600;14,67013900
35682;35682;VOKA;413;;16;1;2;-4,66980600;14,67013900
35683;35683;VOKA;413;;16;1;2;-4,66980600;14,67013900
25181;25181;VOUKA;612;77;8;1;1;-2,53052800;12,71061100
25182;25182;VOUKA;612;71;8;1;1;-2,53052800;12,71061100
25183;25183;VOUKA;612;66;8;1;1;-2,53052800;12,71061100
35681;35681;VOUKA LEK;413;70;16;1;2;-4,66980600;14,67013900
35682;35682;VOUKA LEK;413;78;16;1;2;-4,66980600;14,67013900
35683;35683;VOUKA LEK;413;72;16;1;2;-4,66980600;14,67013900
25241;25241;VOUNDA;612;63;8;1;1;-3,64662500;12,17970800
25242;25242;VOUNDA;612;65;8;1;1;-3,64662500;12,17970800
25243;25243;VOUNDA;612;79;8;1;1;-3,64662500;12,17970800
10161;10161;VOUNGOU11;901;68;32;2;4;-4,79541667;11,90850000
10162;10162;VOUNGOU12;901;74;24;1;3;-4,79541667;11,90850000
10163;10163;VOUNGOU13;901;77;32;2;4;-4,79541667;11,90850000
10164;10164;VOUNGOU14;901;608;48;4;6;-4,79541667;11,90850000
10165;10165;VOUNGOU15;901;595;56;4;7;-4,79541667;11,90850000
10166;10166;VOUNGOU16;901;593;56;4;7;-4,79541667;11,90850000
10721;10721;VOUNGOU21;901;67;16;1;2;-4,80402778;11,90980556
10722;10722;VOUNGOU22;901;78;16;1;2;-4,80402778;11,90980556
10723;10723;VOUNGOU23;901;80;16;1;2;-4,80402778;11,90980556
10724;10724;VOUNGOU24;901;600;16;1;2;-4,80402778;11,90980556
10725;10725;VOUNGOU25;901;604;16;1;2;-4,80402778;11,90980556
10726;10726;VOUNGOU26;901;610;16;1;2;-4,80402778;11,90980556
35481;35481;VOUNGOUTA;413;75;8;1;1;-4,39488900;14,54883300
35482;35482;VOUNGOUTA;413;64;16;1;2;-4,39488900;14,54883300
35483;35483;VOUNGOUTA;413;62;16;1;2;-4,39488900;14,54883300
30021;30021;YAMBA;107;67;16;1;2;-4,17711100;13,92436100
30022;30022;YAMBA;107;77;16;1;2;-4,17711100;13,92436100
30023;30023;YAMBA;107;75;24;1;3;-4,17711100;13,92436100
35501;35501;YANGA DIA ZEBA;413;63;16;1;2;-4,73364700;14,40621700
35502;35502;YANGA DIA ZEBA;413;76;8;1;1;-4,73364700;14,40621700
35503;35503;YANGA DIA ZEBA;413;67;8;1;1;-4,73364700;14,40621700
25231;25231;YAYA;108;66;8;1;1;-3,13272200;12,90542200
25232;25232;YAYA;108;78;8;1;1;-3,13272200;12,90542200
25233;25233;YAYA;108;76;8;1;1;-3,13272200;12,90542200
C00251;251;YORO-1;200;73;44;2;6;-4,24598120;15,30146030
C00252;252;YORO-2;200;76;60;2;8;-4,24598120;15,30146030
25011;25011;YOULOUNGUETE;109;71;24;2;3;-4,18686100;12,69736100
25012;25012;YOULOUNGUETE;109;68;24;2;3;-4,18686100;12,69736100
25013;25013;YOULOUNGUETE;109;74;32;2;4;-4,18686100;12,69736100
40021;40021;ZANAGA;108;68;16;1;2;-2,84988100;13,82068300
40022;40022;ZANAGA;108;66;16;1;2;-2,84988100;13,82068300
40023;40023;ZANAGA;108;72;16;1;2;-2,84988100;13,82068300
