long_decimal;lat_decimal
15,2665;4,250219444
15,2665;4,250219444
15,2665;4,250219444
15,2665;4,250219444
15,2665;4,250219444
15,2665;4,250219444
15,29330556;4,212888889
15,29330556;4,212888889
15,29330556;4,212888889
15,29330556;4,212888889
15,29330556;4,212888889
15,29330556;4,212888889
15,2614;4,2566
15,2614;4,2566
15,2614;4,2566
15,2614;4,2566
15,2614;4,2566
15,2614;4,2566
15,54813889;1,333083333
15,54813889;1,333083333
15,54813889;1,333083333
15,27097222;4,260277778
15,27097222;4,260277778
15,27097222;4,260277778
15,27097222;4,260277778
15,27097222;4,260277778
15,27097222;4,260277778
11,87996944;4,813980556
11,87996944;4,813980556
11,87996944;4,813980556
11,88388889;4,82
11,88388889;4,82
11,88388889;4,82
11,88388889;4,82
11,88388889;4,82
11,88388889;4,82
15,3725;1,177416667
15,3725;1,177416667
15,83333333;3,233222222
15,83333333;3,233222222
15,83333333;3,233222222
16,04358333;3,176722222
16,04358333;3,176722222
16,04358333;3,176722222
15,1378;1,255030556
15,1378;1,255030556
15,1378;1,255030556
11,84666667;4,807222222
11,84666667;4,807222222
11,84666667;4,807222222
11,84666667;4,807222222
11,84666667;4,807222222
11,84666667;4,807222222
15,24956111;4,2925
15,24956111;4,2925
15,24956111;4,2925
15,24956111;4,2925
15,24956111;4,2925
15,24956111;4,2925
13,54416667;2,539166667
13,54416667;2,539166667
13,54416667;2,539166667
11,98303333;3,571380556
11,98303333;3,571380556
11,98303333;3,571380556
12,77183333;2,348527778
12,77183333;2,348527778
12,77183333;2,348527778
13,58527778;2,674166667
13,58527778;2,674166667
13,58527778;2,674166667
15,24906389;4,265344444
15,24906389;4,265344444
15,24906389;4,265344444
15,25793056;4,263461111
15,25793056;4,263461111
15,25793056;4,263461111
15,25793056;4,263461111
15,25793056;4,263461111
15,25793056;4,263461111
15,29471944;4,270041667
15,29471944;4,270041667
15,29471944;4,270041667
15,29471944;4,270041667
15,29471944;4,270041667
15,29471944;4,270041667
15,22855556;4,297444444
15,22855556;4,297444444
15,22855556;4,297444444
12,19986111;4,520041667
12,19986111;4,520041667
12,19986111;4,520041667
11,90877778;4,784333333
11,90877778;4,784333333
11,90877778;4,784333333
11,90877778;4,784333333
11,90877778;4,784333333
11,90877778;4,784333333
16,07444444;2,202444444
16,07444444;2,202444444
16,07444444;2,202444444
14,63063889;4,786555556
14,63063889;4,786555556
14,63063889;4,786555556
13,61947222;4,449833333
13,61947222;4,449833333
13,61947222;4,449833333
16,31272222;1,026
16,31272222;1,026
16,31272222;1,026
17,6132;1,421061111
17,6132;1,421061111
17,6132;1,421061111
13,75961111;4,222027778
13,75961111;4,222027778
13,75961111;4,222027778
15,27499444;4,241947222
15,27499444;4,241947222
15,27499444;4,241947222
15,28036111;1,062444444
15,28036111;1,062444444
15,28036111;1,062444444
11,86841667;4,813861111
11,86841667;4,813861111
11,86841667;4,813861111
11,86841667;4,813861111
11,86841667;4,813861111
11,86841667;4,813861111
13,947;2,146469444
13,947;2,146469444
13,947;2,146469444
15,21893889;4,139069444
15,21893889;4,139069444
15,21893889;4,139069444
15,26607778;4,289808333
15,26607778;4,289808333
15,26607778;4,289808333
15,26607778;4,289808333
15,26607778;4,289808333
15,26607778;4,289808333
15,25486111;4,200380556
15,25486111;4,200380556
15,25486111;4,200380556
15,25486111;4,200380556
15,25486111;4,200380556
15,25486111;4,200380556
11,90555556;4,813333333
11,90555556;4,813333333
11,90555556;4,813333333
11,90555556;4,813333333
11,90555556;4,813333333
11,90555556;4,813333333
15,23833889;4,280811111
15,23833889;4,280811111
15,23833889;4,280811111
15,23833889;4,280811111
15,23833889;4,280811111
15,23833889;4,280811111
15,24105556;4,299830556
15,24105556;4,299830556
15,24105556;4,299830556
15,24105556;4,299830556
15,24105556;4,299830556
15,24105556;4,299830556
15,26845;4,264911111
15,26845;4,264911111
15,26845;4,264911111
15,26845;4,264911111
15,26845;4,264911111
15,26845;4,264911111
15,23836111;4,224333333
15,23836111;4,224333333
15,23836111;4,224333333
15,28455278;4,274333333
15,28455278;4,274333333
15,28455278;4,274333333
15,28455278;4,274333333
15,28455278;4,274333333
15,28455278;4,274333333
12,6615;4,328361111
15,27752222;4,278294444
15,27752222;4,278294444
15,27752222;4,278294444
11,925;4,875277778
11,925;4,875277778
11,925;4,875277778
11,925;4,875277778
11,925;4,875277778
11,925;4,875277778
15,24416944;4,273069444
15,24416944;4,273069444
15,24416944;4,273069444
15,24416944;4,273069444
15,24416944;4,273069444
15,24416944;4,273069444
15,23873056;4,272969444
15,23873056;4,272969444
15,23873056;4,272969444
15,23873056;4,272969444
15,23873056;4,272969444
15,23873056;4,272969444
11,84186111;4,633277778
11,84186111;4,633277778
11,84186111;4,633277778
12,02361111;2,710055556
12,02361111;2,710055556
12,02361111;2,710055556
14,75513889;2,541194444
14,75513889;2,541194444
14,75513889;2,541194444
11,94206111;4,908788889
11,94206111;4,908788889
11,94206111;4,908788889
15,34081111;4,152780556
15,34081111;4,152780556
15,34081111;4,152780556
15,22266667;4,30925
15,22266667;4,30925
15,22266667;4,30925
15,22266667;4,30925
15,22266667;4,30925
15,22266667;4,30925
12,69709167;4,186116667
12,69709167;4,186116667
12,69709167;4,186116667
12,69709167;4,186116667
12,69709167;4,186116667
12,67104444;4,200997222
12,67104444;4,200997222
12,67104444;4,200997222
12,67104444;4,200997222
12,67104444;4,200997222
12,67104444;4,200997222
12,6918;4,215830556
12,6918;4,215830556
12,6918;4,215830556
12,6918;4,215830556
12,6918;4,215830556
12,6918;4,215830556
12,6603;4,172169444
12,6603;4,172169444
12,6603;4,172169444
12,6603;4,172169444
12,6603;4,172169444
12,6603;4,172169444
18,0502;2,046188889
18,0502;2,046188889
18,0502;2,046188889
15,27969444;1,588388889
15,27969444;1,588388889
15,79422222;1,206972222
15,79422222;1,206972222
15,79422222;1,206972222
12,22452778;4,418277778
12,22452778;4,418277778
12,22452778;4,418277778
12,78455556;2,17425
12,78455556;2,17425
12,78455556;2,17425
11,67325;4,224916667
11,67325;4,224916667
11,67325;4,224916667
15,29382778;4,236819444
15,29382778;4,236819444
15,29382778;4,236819444
15,28876111;4,271138889
15,28876111;4,271138889
15,28876111;4,271138889
15,28876111;4,271138889
15,28876111;4,271138889
15,28876111;4,271138889
15,95238889;1,110944444
15,95238889;1,110944444
15,95238889;1,110944444
11,85469444;4,780611111
11,85469444;4,780611111
11,85469444;4,780611111
11,85469444;4,780611111
11,85469444;4,780611111
11,85469444;4,780611111
15,9167;2,5
15,9167;2,5
17,4589;1,364169444
17,4589;1,364169444
17,4589;1,364169444
14,87427778;0,008583333
14,87427778;0,008583333
14,87427778;0,008583333
15,5534;2,854388889
15,5534;2,854388889
14,8703;0,898166667
14,8703;0,898166667
14,8703;0,898166667
14,82463056;0,889019444
14,82463056;0,889019444
14,82463056;0,889019444
14,82463056;0,889019444
14,82463056;0,889019444
14,82463056;0,889019444
15,26983056;4,28035
15,26983056;4,28035
15,26983056;4,28035
11,86923889;4,756780556
11,86923889;4,756780556
11,86923889;4,756780556
15,27377222;4,219594444
15,27377222;4,219594444
15,27377222;4,219594444
15,27377222;4,219594444
15,27377222;4,219594444
15,27377222;4,219594444
11,89985;4,798280556
11,89985;4,798280556
11,89985;4,798280556
12,6737;3,440969444
12,6737;3,440969444
12,6737;3,440969444
11,87281667;4,782358333
11,87281667;4,782358333
11,87281667;4,782358333
11,87978056;4,778838889
11,87978056;4,778838889
11,87978056;4,778838889
11,97833333;4,959722222
11,97833333;4,959722222
11,97833333;4,959722222
15,87319444;1,872916667
15,87319444;1,872916667
15,87319444;1,872916667
12,65711111;3,078111111
12,65711111;3,078111111
12,65711111;3,078111111
11,88252778;4,832805556
11,88252778;4,832805556
11,88252778;4,832805556
11,88252778;4,832805556
11,88252778;4,832805556
11,88252778;4,832805556
15,10866667;4,250472222
15,10866667;4,250472222
15,10866667;4,250472222
12,04327778;4,607888889
12,04327778;4,607888889
12,04327778;4,607888889
15,2854;4,275169444
15,2854;4,275169444
11,8398;4,79995
11,8398;4,79995
11,8398;4,79995
11,8398;4,79995
11,8398;4,79995
11,8398;4,79995
15,90669444;0,685694444
15,90669444;0,685694444
15,90669444;0,685694444
15,34708333;0,586805556
15,34708333;0,586805556
15,34708333;0,586805556
15,6668;3,465688889
15,6668;3,465688889
15,6668;3,465688889
16,0444;2,98275
16,0444;2,98275
18,06361111;1,616666667
18,06361111;1,616666667
18,06361111;1,616666667
18,06;1,5755
18,06;1,5755
18,06;1,5755
16,143;1,885561111
16,143;1,885561111
16,143;1,885561111
17,1834;2,632861111
17,1834;2,632861111
15,26775;4,19395
15,26775;4,19395
15,26775;4,19395
15,27813889;4,249830556
15,27813889;4,249830556
15,27813889;4,249830556
15,27813889;4,249830556
15,27813889;4,249830556
15,27813889;4,249830556
16,0857;2,051280556
16,0857;2,051280556
16,0857;2,051280556
12,0637;4,131188889
12,0637;4,131188889
12,0637;4,131188889
14,4211;2,450311111
14,4211;2,450311111
14,4211;2,450311111
14,50897222;0,870222222
14,50897222;0,870222222
14,50897222;0,870222222
14,55486111;0,10575
14,55486111;0,10575
13,8681;3,130830556
13,8681;3,130830556
13,8681;3,130830556
15,59677778;3,226277778
15,59677778;3,226277778
15,59677778;3,226277778
14,067;3,816688889
14,067;3,816688889
12,32112222;3,480886111
12,32112222;3,480886111
12,32112222;3,480886111
12,91591667;4,480222222
12,91591667;4,480222222
12,91591667;4,480222222
13,4118;4,177688889
13,4118;4,177688889
13,4118;4,177688889
15,22705556;4,283861111
15,22705556;4,283861111
15,22705556;4,283861111
15,22705556;4,283861111
15,22705556;4,283861111
15,22705556;4,283861111
14,15486111;3,710666667
14,15486111;3,710666667
14,15486111;3,710666667
13,59288889;4,264388889
13,59288889;4,264388889
13,59288889;4,264388889
14,79530556;4,344611111
14,79530556;4,344611111
14,79530556;4,344611111
14,75571111;4,364380556
14,75571111;4,364380556
14,75571111;4,364380556
14,75571111;4,364380556
14,75571111;4,364380556
14,75571111;4,364380556
15,21706111;4,284930556
15,21706111;4,284930556
15,21706111;4,284930556
15,21706111;4,284930556
15,21706111;4,284930556
15,21706111;4,284930556
12,19416667;4,44
11,86280556;4,79575
11,86280556;4,79575
11,86280556;4,79575
11,86280556;4,79575
11,86280556;4,79575
11,86280556;4,79575
11,87222222;4,806388889
11,87222222;4,806388889
11,87222222;4,806388889
11,87222222;4,806388889
11,87222222;4,806388889
11,87222222;4,806388889
12,06494444;3,834027778
12,06494444;3,834027778
12,06494444;3,834027778
13,28936111;3,2495
13,28936111;3,2495
13,28936111;3,2495
12,11956111;4,841538889
12,11956111;4,841538889
12,11956111;4,841538889
15,24418889;4,244658333
15,24418889;4,244658333
15,24418889;4,244658333
15,24418889;4,244658333
15,24418889;4,244658333
15,24418889;4,244658333
15,15648889;4,325
15,15648889;4,325
15,15648889;4,325
15,15648889;4,325
15,15648889;4,325
15,15648889;4,325
14,57944444;2,326
14,57944444;2,326
14,57944444;2,326
14,95218889;1,585388889
14,95218889;1,585388889
14,95218889;1,585388889
12,35444444;4,364716667
12,35444444;4,364716667
12,35444444;4,364716667
11,98;4,650277778
11,98;4,650277778
11,98;4,650277778
15,36938889;4,086555556
15,36938889;4,086555556
15,36938889;4,086555556
15,12763889;4,402861111
15,12763889;4,402861111
15,12763889;4,402861111
15,6948;1,041311111
15,6948;1,041311111
17,61072778;0,655533333
17,61072778;0,655533333
17,61072778;0,655533333
11,87425;4,76675
11,87425;4,76675
11,87425;4,76675
11,87425;4,76675
11,87425;4,76675
11,87425;4,76675
11,83436111;4,676666667
11,83436111;4,676666667
11,83436111;4,676666667
16,7996;3,285830556
16,7996;3,285830556
13,39718611;4,821641667
13,39718611;4,821641667
13,39718611;4,821641667
16,9911;3,071530556
16,9911;3,071530556
16,9911;3,071530556
13,06477778;4,108916667
13,06477778;4,108916667
13,06477778;4,108916667
14,69086111;4,563916667
14,69086111;4,563916667
14,69086111;4,563916667
17,11402778;1,037777778
17,11402778;1,037777778
17,11402778;1,037777778
17,0437;2,453811111
17,0437;2,453811111
17,0437;2,453811111
17,02797222;2,415
17,02797222;2,415
11,92694444;4,790555556
11,92694444;4,790555556
11,92694444;4,790555556
11,92694444;4,790555556
11,92694444;4,790555556
11,92694444;4,790555556
13,86408333;4,294805556
13,86408333;4,294805556
13,86408333;4,294805556
12,60238889;3,961083333
12,60238889;3,961083333
12,60238889;3,961083333
12,141;4,368805556
12,141;4,368805556
12,141;4,368805556
15,26416944;4,206888889
15,26416944;4,206888889
15,26416944;4,206888889
15,26416944;4,206888889
15,26416944;4,206888889
15,26416944;4,206888889
13,56952778;3,968527778
13,56952778;3,968527778
13,56952778;3,968527778
15,18593889;4,310369444
15,18593889;4,310369444
15,18593889;4,310369444
15,17845;4,322688889
15,17845;4,322688889
15,17845;4,322688889
11,70195;4,433433333
11,70195;4,433433333
13,54444444;4,163611111
13,54444444;4,163611111
13,54444444;4,163611111
14,7974;4,184919444
14,7974;4,184919444
14,7974;4,184919444
12,61997222;3,485027778
12,61997222;3,485027778
12,61997222;3,485027778
15,28863889;4,143011111
15,28863889;4,143011111
15,28863889;4,143011111
15,09563056;4,336161111
15,09563056;4,336161111
15,09563056;4,336161111
11,89338889;4,766722222
11,89338889;4,766722222
11,89338889;4,766722222
11,89338889;4,766722222
11,89338889;4,766722222
11,89338889;4,766722222
11,88694444;4,754444444
11,88694444;4,754444444
11,88694444;4,754444444
11,88694444;4,754444444
11,88694444;4,754444444
11,88694444;4,754444444
15,50608333;0,828972222
15,50608333;0,828972222
12,05227778;4,580347222
12,05227778;4,580347222
12,05227778;4,580347222
16,30735833;2,000380556
16,30735833;2,000380556
16,30735833;2,000380556
15,62333333;0,005
15,62333333;0,005
15,62333333;0,005
12,14327778;4,423916667
12,14327778;4,423916667
12,14327778;4,423916667
12,58552778;3,828583333
12,58552778;3,828583333
12,58552778;3,828583333
15,59213889;4,004833333
15,59213889;4,004833333
15,59213889;4,004833333
15,28072222;4,271083333
15,28072222;4,271083333
15,28072222;4,271083333
15,28072222;4,271083333
15,28072222;4,271083333
15,28072222;4,271083333
12,81108333;4,345222222
12,81108333;4,345222222
12,81108333;4,345222222
13,349;3,52975
13,349;3,52975
13,349;3,52975
15,28719444;4,235916667
15,28719444;4,235916667
15,28719444;4,235916667
15,28719444;4,235916667
15,28719444;4,235916667
15,28719444;4,235916667
15,25458333;4,175305556
15,25458333;4,175305556
15,25458333;4,175305556
15,25458333;4,175305556
15,25458333;4,175305556
15,25458333;4,175305556
15,27788889;4,257638889
15,27788889;4,257638889
15,27788889;4,257638889
15,27788889;4,257638889
15,27788889;4,257638889
15,27788889;4,257638889
15,28998056;4,226819444
15,28998056;4,226819444
15,28998056;4,226819444
15,28998056;4,226819444
15,28998056;4,226819444
15,28998056;4,226819444
15,46105556;3,784694444
15,46105556;3,784694444
15,46105556;3,784694444
15,24253333;4,266063889
15,24253333;4,266063889
15,24253333;4,266063889
15,24253333;4,266063889
15,24253333;4,266063889
15,24253333;4,266063889
15,2686;4,1681
15,2686;4,1681
15,2686;4,1681
15,2686;4,1681
15,2686;4,1681
15,2686;4,1681
15,22256111;4,2701
15,22256111;4,2701
15,22256111;4,2701
15,22256111;4,2701
15,22256111;4,2701
15,22256111;4,2701
12,7237;2,50375
12,7237;2,50375
12,7237;2,50375
14,71069444;4,259444444
14,71069444;4,259444444
14,71069444;4,259444444
15,235675;4,305347222
15,235675;4,305347222
15,235675;4,305347222
15,73141667;3,952194444
15,73141667;3,952194444
15,73141667;3,952194444
11,87916667;4,788055556
11,87916667;4,788055556
11,87916667;4,788055556
11,87916667;4,788055556
11,87916667;4,788055556
11,87916667;4,788055556
14,8794;3,832719444
14,8794;3,832719444
14,8794;3,832719444
15,19906944;4,292061111
15,19906944;4,292061111
15,19906944;4,292061111
13,6409;3,682061111
13,6409;3,682061111
13,6409;3,682061111
15,19183056;4,278233333
15,19183056;4,278233333
15,19183056;4,278233333
12,80886111;2,285166667
12,80886111;2,285166667
12,80886111;2,285166667
15,25933889;4,229630556
15,25933889;4,229630556
15,25933889;4,229630556
15,25933889;4,229630556
15,25933889;4,229630556
15,25933889;4,229630556
15,01163889;4,51225
15,01163889;4,51225
15,01163889;4,51225
13,677;4,189169444
13,677;4,189169444
13,677;4,189169444
12,87252778;2,103
12,87252778;2,103
12,87252778;2,103
11,8975;4,776666667
11,8975;4,776666667
11,8975;4,776666667
11,8975;4,776666667
11,8975;4,776666667
11,8975;4,776666667
11,9003;4,790280556
11,9003;4,790280556
11,9003;4,790280556
11,9003;4,790280556
11,9003;4,790280556
11,9003;4,790280556
17,1455;1,683561111
17,1455;1,683561111
17,1455;1,683561111
15,28311111;4,215944444
15,28311111;4,215944444
15,28311111;4,215944444
15,28311111;4,215944444
15,28311111;4,215944444
15,28311111;4,215944444
15,65861111;3,025861111
15,65861111;3,025861111
15,65861111;3,025861111
14,953;4,368280556
14,953;4,368280556
14,953;4,368280556
12,07686111;4,531555556
12,07686111;4,531555556
12,07686111;4,531555556
11,95666667;4,6625
15,27700278;4,267491667
15,27700278;4,267491667
15,27700278;4,267491667
15,23115;4,253069444
15,23115;4,253069444
15,23115;4,253069444
15,23115;4,253069444
15,23115;4,253069444
15,23115;4,253069444
15,23;4,240833333
15,23;4,240833333
15,23;4,240833333
13;4
13;4
13;4
15,28691944;4,255219444
15,28691944;4,255219444
15,28691944;4,255219444
15,28691944;4,255219444
15,28691944;4,255219444
15,28691944;4,255219444
15,00888889;1,605583333
15,00888889;1,605583333
15,27406111;4,2157
15,27406111;4,2157
15,27406111;4,2157
15,27406111;4,2157
15,27406111;4,2157
15,27406111;4,2157
13,34691667;3,756444444
13,34691667;3,756444444
13,34691667;3,756444444
14,35;4,271780556
14,35;4,271780556
14,35;4,271780556
15,26116111;4,279388889
15,26116111;4,279388889
15,26116111;4,279388889
15,26116111;4,279388889
15,26116111;4,279388889
15,26116111;4,279388889
14,47623889;4,280938889
14,47623889;4,280938889
14,47623889;4,280938889
15,49494444;0,273833333
15,49494444;0,273833333
15,49494444;0,273833333
15,94819444;1,538777778
15,94819444;1,538777778
15,94819444;1,538777778
11,86416667;4,715833333
11,86416667;4,715833333
11,86416667;4,715833333
11,9238;4,773869444
11,9238;4,773869444
11,9238;4,773869444
11,90722222;4,744444444
11,90722222;4,744444444
11,90722222;4,744444444
11,90722222;4,744444444
11,90722222;4,744444444
11,90722222;4,744444444
11,9244;4,728888889
11,9244;4,728888889
11,9244;4,728888889
15,32703056;4,132430556
15,32703056;4,132430556
12,91336111;4,124583333
16,79663889;1,224555556
16,79663889;1,224555556
16,79663889;1,224555556
12,71880556;2,945694444
12,71880556;2,945694444
12,71880556;2,945694444
17,1816;3,375688889
17,1816;3,375688889
17,1816;3,375688889
13,57824167;2,838480556
13,57824167;2,838480556
13,57824167;2,838480556
15,27285;4,23035
15,27285;4,23035
15,27285;4,23035
15,27285;4,23035
15,27285;4,23035
15,27285;4,23035
15,26716667;4,235416667
15,26716667;4,235416667
15,26716667;4,235416667
15,26716667;4,235416667
15,26716667;4,235416667
15,26716667;4,235416667
13,77650278;3,879236111
13,77650278;3,879236111
13,77650278;3,879236111
15,27466111;4,250738889
15,27466111;4,250738889
15,27466111;4,250738889
15,27466111;4,250738889
15,27466111;4,250738889
15,27466111;4,250738889
15,27788889;4,254277778
15,27788889;4,254277778
15,27788889;4,254277778
15,21756944;4,263338889
15,21756944;4,263338889
15,21756944;4,263338889
13,92025;3,996361111
13,92025;3,996361111
13,92025;3,996361111
11,91661111;4,810333333
11,91661111;4,810333333
11,91661111;4,810333333
11,91661111;4,810333333
11,91661111;4,810333333
11,91661111;4,810333333
14,1653;4,3675
14,1653;4,3675
14,1653;4,3675
15,29207778;4,257688889
15,29207778;4,257688889
15,29207778;4,257688889
15,29207778;4,257688889
15,29207778;4,257688889
15,29207778;4,257688889
15,29731111;4,264111111
15,29731111;4,264111111
15,29731111;4,264111111
15,29731111;4,264111111
15,29731111;4,264111111
15,29588889;4,256411111
15,29588889;4,256411111
15,29588889;4,256411111
15,29588889;4,256411111
15,29588889;4,256411111
15,29588889;4,256411111
15,89983333;1,678111111
15,89983333;1,678111111
15,89983333;1,678111111
15,25516944;4,301625
15,25516944;4,301625
15,25516944;4,301625
11,85202778;4,808972222
11,85202778;4,808972222
11,85202778;4,808972222
11,85694444;4,812777778
11,85694444;4,812777778
11,85694444;4,812777778
15,49291667;2,394888889
15,49291667;2,394888889
15,49291667;2,394888889
16,16375;2,595555556
16,16375;2,595555556
11,87161111;4,780169444
11,87161111;4,780169444
11,87161111;4,780169444
11,87161111;4,780169444
11,87161111;4,780169444
11,87161111;4,780169444
12,4864;12,4864
12,4864;12,4864
12,4864;12,4864
12,5237;4,481530556
12,5237;4,481530556
12,5237;4,481530556
16,6139;1,591219444
16,6139;1,591219444
16,6139;1,591219444
15,29122222;4,219555556
15,29122222;4,219555556
15,29122222;4,219555556
15,29122222;4,219555556
15,29122222;4,219555556
15,29122222;4,219555556
15,28623889;4,239819444
15,28623889;4,239819444
15,28623889;4,239819444
15,28623889;4,239819444
15,28623889;4,239819444
15,28623889;4,239819444
16,1435;3,207083333
16,1435;3,207083333
16,1435;3,207083333
15,29158056;4,19985
15,29158056;4,19985
15,29158056;4,19985
14,8873;2,027561111
14,8873;2,027561111
14,8873;2,027561111
15,71866667;2,514388889
15,71866667;2,514388889
15,71866667;2,514388889
15,41402778;0,562094444
15,41402778;0,562094444
15,41402778;0,562094444
16,18433333;1,426694444
16,18433333;1,426694444
16,18433333;1,426694444
11,51116667;4,163194444
11,51116667;4,163194444
11,51116667;4,163194444
11,91322222;4,847777778
11,91322222;4,847777778
11,91322222;4,847777778
11,91322222;4,847777778
11,91322222;4,847777778
11,91322222;4,847777778
11,90916667;4,835
11,90916667;4,835
11,90916667;4,835
11,90916667;4,835
11,90916667;4,835
11,90916667;4,835
11,90213889;4,854119444
11,90213889;4,854119444
11,90213889;4,854119444
11,90213889;4,854119444
11,90213889;4,854119444
11,90213889;4,854119444
18,0476;1,825669444
18,0476;1,825669444
18,0476;1,825669444
14,66986111;4,670277778
14,66986111;4,670277778
14,66986111;4,670277778
13,28210833;4,187777778
13,28210833;4,187777778
13,28210833;4,187777778
13,28210833;4,187777778
13,28210833;4,187777778
13,28210833;4,187777778
13,296075;4,225313889
13,2829;4,173469444
13,2829;4,173469444
13,2829;4,173469444
13,2829;4,173469444
13,2829;4,173469444
13,2829;4,173469444
13,2956;4,197888889
13,2956;4,197888889
13,2956;4,197888889
13,2956;4,197888889
13,2956;4,197888889
13,2956;4,197888889
15,2581;4,292280556
15,2581;4,292280556
15,2581;4,292280556
15,2581;4,292280556
15,2581;4,292280556
15,2581;4,292280556
14,452;2,350438889
14,452;2,350438889
14,452;2,350438889
15,32975;2,353166667
15,32975;2,353166667
15,32975;2,353166667
15,88555556;2,071166667
15,88555556;2,071166667
15,88555556;2,071166667
11,88800556;2,914277778
11,88800556;2,914277778
11,88800556;2,914277778
15,73036111;0,162055556
15,73036111;0,162055556
11,28555556;3,957888889
11,28555556;3,957888889
11,28555556;3,957888889
12,03628056;4,981230556
12,03628056;4,981230556
12,03628056;4,981230556
15,81822222;0,841277778
15,81822222;0,841277778
15,81822222;0,841277778
15,19721389;1,070141667
15,19721389;1,070141667
11,87866667;4,798388889
11,87866667;4,798388889
11,87866667;4,798388889
11,87866667;4,798388889
11,87866667;4,798388889
11,87866667;4,798388889
15,51319444;3,576861111
15,51319444;3,576861111
15,51319444;3,576861111
15,2316;0,799222222
15,2316;0,799222222
15,2316;0,799222222
15,07908333;1,466111111
15,07908333;1,466111111
15,07908333;1,466111111
15,89386111;1,283611111
15,89386111;1,283611111
15,89386111;1,283611111
15,27142222;4,274413889
15,27142222;4,274413889
15,27142222;4,274413889
15,80894444;2,339222222
15,80894444;2,339222222
15,80894444;2,339222222
15,24661944;4,234238889
15,24661944;4,234238889
15,24661944;4,234238889
15,24661944;4,234238889
15,24661944;4,234238889
15,24661944;4,234238889
15,21851111;4,304419444
15,21851111;4,304419444
15,21851111;4,304419444
15,21851111;4,304419444
15,21851111;4,304419444
15,21851111;4,304419444
15,20396111;4,302838889
15,20396111;4,302838889
15,20396111;4,302838889
15,20396111;4,302838889
15,20396111;4,302838889
15,20396111;4,302838889
16,00936111;1,593472222
16,00936111;1,593472222
16,00936111;1,593472222
15,27946944;4,276269444
15,27946944;4,276269444
15,27946944;4,276269444
15,27946944;4,276269444
15,27946944;4,276269444
15,27946944;4,276269444
15,83016667;1,017694444
15,83016667;1,017694444
15,83016667;1,017694444
15,28278056;4,245961111
15,28278056;4,245961111
15,28278056;4,245961111
15,28278056;4,245961111
15,28278056;4,245961111
15,28278056;4,245961111
16,05005556;1,604444444
16,05005556;1,604444444
16,05111111;1,620602778
16,05111111;1,620602778
16,05111111;1,620602778
15,89938889;0,477277778
15,89938889;0,477277778
15,89938889;0,477277778
15,89938889;0,477277778
15,89938889;0,477277778
15,89938889;0,477277778
15,92428333;0,513511111
15,92428333;0,513511111
15,92428333;0,513511111
15,85916667;0,484555556
15,85916667;0,484555556
15,85916667;0,484555556
15,97273056;1,157408333
15,97273056;1,157408333
15,97273056;1,157408333
15,97273056;1,157408333
15,97273056;1,157408333
15,97273056;1,157408333
11,84446111;4,802611111
11,84446111;4,802611111
11,84446111;4,802611111
11,84446111;4,802611111
11,84446111;4,802611111
11,84446111;4,802611111
15,25488056;4,191930556
15,25488056;4,191930556
15,25488056;4,191930556
15,25488056;4,191930556
15,25488056;4,191930556
15,25488056;4,191930556
11,9195;4,822888889
11,9195;4,822888889
11,9195;4,822888889
11,9195;4,822888889
11,9195;4,822888889
11,9195;4,822888889
15,29616111;4,205930556
15,29616111;4,205930556
15,29616111;4,205930556
15,29616111;4,205930556
15,29616111;4,205930556
15,29616111;4,205930556
12,64586111;3,38125
12,64586111;3,38125
12,64586111;3,38125
12,68183333;2,758111111
12,68183333;2,758111111
12,68183333;2,758111111
15,37658333;3,990944444
15,37658333;3,990944444
15,37658333;3,990944444
11,85703889;4,791338889
11,85703889;4,791338889
11,85703889;4,791338889
11,85703889;4,791338889
11,85703889;4,791338889
11,85703889;4,791338889
15,26728889;4,257761111
15,26728889;4,257761111
15,26728889;4,257761111
15,26728889;4,257761111
15,26728889;4,257761111
15,26728889;4,257761111
11,85371944;4,799261111
11,85371944;4,799261111
11,85371944;4,799261111
11,85023056;4,805088889
11,85023056;4,805088889
11,85023056;4,805088889
11,83733056;4,792961111
11,83733056;4,792961111
11,83733056;4,792961111
16,31783333;1,412111111
16,31783333;1,412111111
16,31783333;1,412111111
11,83636111;4,795611111
11,83636111;4,795611111
11,83636111;4,795611111
11,83636111;4,795611111
11,83636111;4,795611111
11,83636111;4,795611111
11,82483333;4,787222222
11,82483333;4,787222222
11,82483333;4,787222222
15,28423889;4,266011111
15,28423889;4,266011111
15,28423889;4,266011111
15,28423889;4,266011111
15,28423889;4,266011111
15,28423889;4,266011111
15,28705833;4,258383333
15,28705833;4,258383333
15,28705833;4,258383333
15,28705833;4,258383333
15,28705833;4,258383333
15,28705833;4,258383333
11,89436111;4,809861111
11,89436111;4,809861111
11,89436111;4,809861111
15,26815556;4,283858333
15,26815556;4,283858333
15,26815556;4,283858333
15,26815556;4,283858333
15,26815556;4,283858333
15,26815556;4,283858333
15,27930556;4,2265
15,27930556;4,2265
15,27930556;4,2265
11,86655556;4,786027778
11,86655556;4,786027778
11,86655556;4,786027778
11,86655556;4,786027778
11,86655556;4,786027778
11,86655556;4,786027778
11,89;4,800833333
11,89;4,800833333
11,89;4,800833333
11,89;4,800833333
11,89;4,800833333
11,89;4,800833333
14,53337222;0,528805556
14,53337222;0,528805556
14,53337222;0,528805556
11,883;4,767969444
11,883;4,767969444
11,883;4,767969444
11,883;4,767969444
11,883;4,767969444
11,883;4,767969444
11,86527778;4,791944444
11,86527778;4,791944444
11,86527778;4,791944444
11,86527778;4,791944444
11,86527778;4,791944444
11,86527778;4,791944444
15,20386111;4,309111111
15,20386111;4,309111111
15,20386111;4,309111111
15,25922222;4,206361111
15,25922222;4,206361111
15,25922222;4,206361111
15,25922222;4,206361111
15,25922222;4,206361111
15,25922222;4,206361111
14,5599;1,662780556
14,5599;1,662780556
14,5599;1,662780556
11,86027778;4,738611111
11,86027778;4,738611111
11,86027778;4,738611111
11,86027778;4,738611111
11,86027778;4,738611111
11,86027778;4,738611111
13,34530556;3,687527778
13,34530556;3,687527778
13,34530556;3,687527778
11,84697222;4,798916667
11,84697222;4,798916667
11,84697222;4,798916667
11,84697222;4,798916667
11,84697222;4,798916667
11,84697222;4,798916667
11,85888889;4,762222222
11,85888889;4,762222222
11,85888889;4,762222222
11,85888889;4,762222222
11,85888889;4,762222222
11,85888889;4,762222222
15,2634;4,158030556
15,2634;4,158030556
15,2634;4,158030556
15,2634;4,158030556
15,2634;4,158030556
15,2634;4,158030556
14,1326;2,059361111
14,1326;2,059361111
14,1326;2,059361111
14,26469444;4,243833333
14,26469444;4,243833333
14,26469444;4,243833333
11,86561111;4,772805556
11,86561111;4,772805556
11,86561111;4,772805556
15,283;1,938638889
15,283;1,938638889
15,283;1,938638889
11,86388889;4,748444444
11,86388889;4,748444444
11,86388889;4,748444444
11,86388889;4,748444444
11,86388889;4,748444444
11,86388889;4,748444444
11,87738889;4,739411111
11,87738889;4,739411111
11,87738889;4,739411111
11,87738889;4,739411111
11,87738889;4,739411111
11,87738889;4,739411111
11,87222222;4,825833333
11,87222222;4,825833333
11,87222222;4,825833333
11,87222222;4,825833333
11,87222222;4,825833333
11,87222222;4,825833333
12,09786944;4,923311111
12,09786944;4,923311111
12,09786944;4,923311111
15,25080556;4,2805
15,25080556;4,2805
15,25080556;4,2805
15,25080556;4,2805
15,25080556;4,2805
15,25080556;4,2805
11,88830556;4,790666667
11,88830556;4,790666667
11,88830556;4,790666667
11,88830556;4,790666667
11,88830556;4,790666667
11,88830556;4,790666667
16,17104167;1,252969444
16,17104167;1,252969444
16,17104167;1,252969444
12,158275;4,543927778
12,158275;4,543927778
12,158275;4,543927778
16,30688889;1,389388889
16,30688889;1,389388889
16,30688889;1,389388889
13,8157;3,200361111
13,8157;3,200361111
13,8157;3,200361111
15,24422222;4,285611111
15,24422222;4,285611111
15,24422222;4,285611111
15,24422222;4,285611111
15,24422222;4,285611111
15,24422222;4,285611111
13,870375;3,771502778
13,870375;3,771502778
13,870375;3,771502778
11,89972222;4,823
11,89972222;4,823
11,89972222;4,823
11,89972222;4,823
11,89972222;4,823
11,89972222;4,823
14,5841;1,182530556
14,5841;1,182530556
14,5841;1,182530556
11,85016111;4,79275
11,85016111;4,79275
11,85016111;4,79275
11,85016111;4,79275
11,85016111;4,79275
11,85016111;4,79275
15,29523889;4,226986111
15,29523889;4,226986111
15,29523889;4,226986111
15,29523889;4,226986111
15,29523889;4,226986111
15,29523889;4,226986111
13,5471;3,095169444
13,5471;3,095169444
12,20063889;3,654361111
12,20063889;3,654361111
11,90861111;4,795277778
11,90861111;4,795277778
11,90861111;4,795277778
11,90861111;4,795277778
11,90861111;4,795277778
11,90861111;4,795277778
13,92438889;4,176944444
12,9007;3,141361111
12,9007;3,141361111
12,47325;3,727
12,47325;3,727
12,47325;3,727
15,02188889;2,448
15,02188889;2,448
15,02188889;2,448
15,30155;4,245880556
15,30155;4,245880556
15,30155;4,245880556
15,30155;4,245880556
15,30155;4,245880556
15,30155;4,245880556
15,23991389;4,289938889
15,23991389;4,289938889
15,23991389;4,289938889
15,23991389;4,289938889
15,23991389;4,289938889
15,23991389;4,289938889
13,82602778;2,857166667
13,82602778;2,857166667
13,82602778;2,857166667
15,25478611;4,270661111
15,25478611;4,270661111
15,25478611;4,270661111
15,27875;4,237055556
15,27875;4,237055556
15,27875;4,237055556
15,27875;4,237055556
15,27875;4,237055556
15,27875;4,237055556
15,26633333;0,069191667
15,26633333;0,069191667
15,26633333;0,069191667
11,86218889;4,789830556
11,86218889;4,789830556
11,86218889;4,789830556
11,86218889;4,789830556
11,86218889;4,789830556
11,86218889;4,789830556
15,27888889;4,220222222
15,27888889;4,220222222
15,27888889;4,220222222
15,27888889;4,220222222
15,27888889;4,220222222
14,5852;4,259669444
14,5852;4,259669444
14,5852;4,259669444
15,28347222;4,187583333
15,28347222;4,187583333
15,28347222;4,187583333
15,28347222;4,187583333
15,28347222;4,187583333
12,18111111;4,660277778
12,18111111;4,660277778
12,18111111;4,660277778
15,50022222;1,568444444
15,50022222;1,568444444
15,50022222;1,568444444
